id	title	description	link	image_link	additional_image_link	availability	price	sale_price	cost_of_goods_sold	brand	gtin	mpn	identifier_exists	product_type	product_weight	shipping_weight	google_product_category	custom_label_0	custom_label_1	custom_label_2	custom_label_3	custom_label_4	condition	adult	age_group	gender	color	material	pattern	size	certification	item_group_id	unit_pricing_measure
BE-TP-000001-SM	Ava  bézs póló	Női bézs póló casual stílusban, ideális mindennapi viseletre. Nagyon kényelmes.	https://www.horandrashop.hu/ava-bezs-polo-616?utm_source=google_shopping&utm_medium=cpp&utm_campaign=direct_link	https://www.horandrashop.hu/custom/horandrashop/image/cache/w800h1200m00q100/product/20250601_123033.webp	https://www.horandrashop.hu/custom/horandrashop/image/cache/w800h1200m00q100/product/20250601_145557.webp,https://www.horandrashop.hu/custom/horandrashop/image/cache/w800h1200m00q100/product/20250601_123031.webp	in_stock	5990 HUF		3556 HUF				No	Ruházat > Felsők, kardigánok				Kollekciók	Felsők, kardigánok	Sandy Bloom			New	No			Bézs			S/M		BE-TP-000001-SM	
BLA-OV-000003-OSI	Raven overál	Stílusos és kényelmes overál, amely ideális minden programhoz.  Szuper választás egész napra. Az overálok nagy előnye, hogy nem kell gondolkoznod, milyen felső és alsó részt vegyél fel, csak belebújsz és kész is! Nekem ez szerelemdarab lett első látásra.	https://www.horandrashop.hu/raven-overal-625?utm_source=google_shopping&utm_medium=cpp&utm_campaign=direct_link	https://www.horandrashop.hu/custom/horandrashop/image/cache/w800h1200m00q100/product/20250601_170943.webp	https://www.horandrashop.hu/custom/horandrashop/image/cache/w800h1200m00q100/product/20250601_171533.webp	in_stock	11990 HUF	11270 HUF	7239 HUF				No	Ruházat > Overálok, szettek				Kollekciók	Overálok, szettek	Midnight Touch			New	No			Fekete			One size		BLA-OV-000003-OSI	
BLA-DR-000004-OSI	Selina ruha	A casual tréningruha egyszerre stílusos és kényelmes. Ez az a ruha, amit csak felkapsz, ha nem tudod, mit vegyél fel, vagy csak gyorsan el kell intézni valamit. Laza szabású, könnyű benne mozogni, sportos, mégis az arany betétek miatt nagyon csinos is. Egyméretes, M-XL-es méretre ajánlom	https://www.horandrashop.hu/selina-ruha-628?utm_source=google_shopping&utm_medium=cpp&utm_campaign=direct_link	https://www.horandrashop.hu/custom/horandrashop/image/cache/w800h1200m00q100/product/20250601_160642.webp	https://www.horandrashop.hu/custom/horandrashop/image/cache/w800h1200m00q100/product/20250601_160529.webp,https://www.horandrashop.hu/custom/horandrashop/image/cache/w800h1200m00q100/product/20250606_143646.webp,https://www.horandrashop.hu/custom/horandrashop/image/cache/w800h1200m00q100/product/20250606_143712.webp	in_stock	9990 HUF		7239 HUF				No	Ruházat > Ruhák				Kollekciók	Ruhák	Midnight Touch			New	No			Fekete			One size		BLA-DR-000004-OSI	
BLA-ST-000005-OSI	Onyx fekete szett	Az Onyx szett egy nagyon csinos és kifinomult összeállítás, mely egy ujjatlan felsőből és egy nadrágból áll. A felsőn nagyon szép gombok vannak, amik különlegessé teszik a megjelenést. 	https://www.horandrashop.hu/onyx-fekete-szett-631?utm_source=google_shopping&utm_medium=cpp&utm_campaign=direct_link	https://www.horandrashop.hu/custom/horandrashop/image/cache/w800h1200m00q100/product/20250601_120630.webp	https://www.horandrashop.hu/custom/horandrashop/image/cache/w800h1200m00q100/product/20250601_121324.webp,https://www.horandrashop.hu/custom/horandrashop/image/cache/w800h1200m00q100/product/20250601_120650.webp,https://www.horandrashop.hu/custom/horandrashop/image/cache/w800h1200m00q100/product/20250601_120630A.webp	in_stock	13990 HUF		9525 HUF				No	Ruházat > Overálok, szettek				Kollekciók	Overálok, szettek	Midnight Touch			New	No			Fekete			One size		BLA-ST-000005-OSI	
BLA-DR-000006-S	Leona alkalmi ruha	Ez a ruha egy csoda. A fekete egyszerű szabást nagyszerűen kiemelik a különleges mintájú buggyos ujjak. 	https://www.horandrashop.hu/leona-alkalmi-ruha-634?utm_source=google_shopping&utm_medium=cpp&utm_campaign=direct_link	https://www.horandrashop.hu/custom/horandrashop/image/cache/w800h1200m00q100/product/20250601_114846.webp	https://www.horandrashop.hu/custom/horandrashop/image/cache/w800h1200m00q100/product/20250601_115138.webp,https://www.horandrashop.hu/custom/horandrashop/image/cache/w800h1200m00q100/product/20250601_114911.webp	in_stock	15990 HUF		9271 HUF				No	Ruházat > Ruhák				Kollekciók	Ruhák	Midnight Touch	Urban Jungle		New	No			Fekete			S		BLA-DR-000006-S	
LEO-ST-000007-OSI	Cleo szett	Lendületes és vagány megjelenés egyetlen szettben! Ez az együttes egy merész leopárd mintás rövid nadrágból és egy klasszikus, letisztult fekete pólóból áll, melynek szegélyeit szintén leopárd minta díszíti! Nagyon kényelmes, könnyű anyag! S-L-es méretig ajánlom!	https://www.horandrashop.hu/cleo-szett-637?utm_source=google_shopping&utm_medium=cpp&utm_campaign=direct_link	https://www.horandrashop.hu/custom/horandrashop/image/cache/w800h1200m00q100/product/20250601_112731.webp	https://www.horandrashop.hu/custom/horandrashop/image/cache/w800h1200m00q100/product/20250601_112603.webp,https://www.horandrashop.hu/custom/horandrashop/image/cache/w800h1200m00q100/product/20250606_151314.webp,https://www.horandrashop.hu/custom/horandrashop/image/cache/w800h1200m00q100/product/00053t.jpg	in_stock	10990 HUF		6350 HUF				No	Ruházat > Overálok, szettek				Kollekciók	Overálok, szettek	Urban Jungle			New	No			Leopárd			One size		LEO-ST-000007-OSI	
BLU-DR-000008-OSI	Sail kék ruha	Ujjatlan , csíkos nyári ruha dekoratív fodrokkal és kerek nyakkivágással. Nagyon kényelmes és jár hozzá egy ajándék öv is, ami nagyon feldobja a megjelenést. Választhatsz hozzá fehér, fekete, kék, bézs kiegészítőket is!	https://www.horandrashop.hu/sail-kek-ruha-640?utm_source=google_shopping&utm_medium=cpp&utm_campaign=direct_link	https://www.horandrashop.hu/custom/horandrashop/image/cache/w800h1200m00q100/product/20250601_162458.webp		in_stock	9990 HUF		4445 HUF				No	Ruházat > Ruhák				Kollekciók	Blue Moon	Ruhák			New	No			Kék			One size		BLU-DR-000008-OSI	
PIN-DR-000009-OSI	Sail rózsaszín ruha	Ujjatlan nyári , csíkos ruha dekoratív fodrokkal és kerek nyakkivágással. Nagyon kényelmes, igazi alapdarab! Az övet ajándékba kapod hozzá!	https://www.horandrashop.hu/sail-rozsaszin-ruha-643?utm_source=google_shopping&utm_medium=cpp&utm_campaign=direct_link	https://www.horandrashop.hu/custom/horandrashop/image/cache/w800h1200m00q100/product/20250601_162106.webp		in_stock	9990 HUF		4445 HUF				No	Ruházat > Ruhák				Kollekciók	Ruhák	Sweet Rose			New	No			Rózsaszín			One size		PIN-DR-000009-OSI	
BLU-DR-0000010-OSI	Marina ruha	Engedd, hogy a természet szépsége magával ragadjon ebben a lenyűgöző, kék alapon virágos és levelekkel díszített hosszú ruhában! Középtájon elöl húzott az anyag, így kitűnően formálja az alakot.  	https://www.horandrashop.hu/marina-ruha-646?utm_source=google_shopping&utm_medium=cpp&utm_campaign=direct_link	https://www.horandrashop.hu/custom/horandrashop/image/cache/w800h1200m00q100/product/20250601_120033.webp	https://www.horandrashop.hu/custom/horandrashop/image/cache/w800h1200m00q100/product/20250601_115736.webp,https://www.horandrashop.hu/custom/horandrashop/image/cache/w800h1200m00q100/20250601_115724.webp,https://www.horandrashop.hu/custom/horandrashop/image/cache/w800h1200m00q100/product/20250606_144211.webp	in_stock	9990 HUF		5334 HUF				No	Ruházat > Ruhák				Kollekciók	Blue Moon	Ruhák			New	No			Kék			One size		BLU-DR-0000010-OSI	
BLU-SK-0000011-OSI	Aura hosszú szoknya	Ez a világoskék hosszú szoknya könnyed, légies anyagból készült, amely bájos virágmintával van díszítve, így tökéletes választás a tavaszi és nyári napokra.	https://www.horandrashop.hu/aura-hosszu-szoknya-649?utm_source=google_shopping&utm_medium=cpp&utm_campaign=direct_link	https://www.horandrashop.hu/custom/horandrashop/image/cache/w800h1200m00q100/product/20250601_152628.webp		in_stock	8990 HUF		4826 HUF				No	Ruházat > Szoknyák				Kollekciók	Blue Moon	Szoknyák			New	No			Kék			One size		BLU-SK-0000011-OSI	
BLU-PT-0000012-OSI	Isla kék culotte nadrág	A kiváló szabású szoknyanadrágok stílusos és kényelmes megoldást jelentenek számos alkalomra. 	https://www.horandrashop.hu/isla-kek-culotte-nadrag-652?utm_source=google_shopping&utm_medium=cpp&utm_campaign=direct_link	https://www.horandrashop.hu/custom/horandrashop/image/cache/w800h1200m00q100/product/20250601_153610.webp	https://www.horandrashop.hu/custom/horandrashop/image/cache/w800h1200m00q100/product/20250601_1554141.webp,https://www.horandrashop.hu/custom/horandrashop/image/cache/w800h1200m00q100/product/20250601_154053.webp,https://www.horandrashop.hu/custom/horandrashop/image/cache/w800h1200m00q100/product/20250601_154833.webp	in_stock	9990 HUF		5588 HUF				No	Ruházat > Nadrágok				Kollekciók	Blue Moon	Nadrágok			New	No			Kék			One size		BLU-PT-0000012-OSI	
PIN-PT-0000013-OSI	Isla rózsaszín culotte nadrág	Ez az elegáns szoknyanadrág kiváló kísérőnk lehet minden alkalomra! 	https://www.horandrashop.hu/isla-rozsaszin-culotte-nadrag-655?utm_source=google_shopping&utm_medium=cpp&utm_campaign=direct_link	https://www.horandrashop.hu/custom/horandrashop/image/cache/w800h1200m00q100/product/20250601_121819.webp	https://www.horandrashop.hu/custom/horandrashop/image/cache/w800h1200m00q100/product/20250606_155304.webp	in_stock	9990 HUF		5588 HUF				No	Ruházat > Nadrágok				Kollekciók	Nadrágok	Sweet Rose			New	No			Rózsaszín			One size		PIN-PT-0000013-OSI	
BLU-TP-000002-SM	Ava kék póló	Minden gardrób alapdarabja ez a póló, mely igazi stílusfegyver. Nagyon kényelmes, hordhatod sportosabb és csinosabb szettekben is. 	https://www.horandrashop.hu/ava-kek-polo-658?utm_source=google_shopping&utm_medium=cpp&utm_campaign=direct_link	https://www.horandrashop.hu/custom/horandrashop/image/cache/w800h1200m00q100/product/20250601_152122.webp	https://www.horandrashop.hu/custom/horandrashop/image/cache/w800h1200m00q100/product/20250601_151622.webp,https://www.horandrashop.hu/custom/horandrashop/image/cache/w800h1200m00q100/product/20250601_152628.webp,https://www.horandrashop.hu/custom/horandrashop/image/cache/w800h1200m00q100/product/20250601_151543.webp	in_stock	5990 HUF		3556 HUF				No	Ruházat > Felsők, kardigánok				Kollekciók	Blue Moon	Felsők, kardigánok			New	No			Kék			S/M		BLU-TP-000002-SM	
WHI-TP-0000014-OSI	Teddy póló	Ha van cuki felső, akkor Teddy pólónk biztosan az! Nagyon kényelmes, és jól kombinálható póló!Egyméretes, M-L méretre ajánlom!	https://www.horandrashop.hu/teddy-polo-661?utm_source=google_shopping&utm_medium=cpp&utm_campaign=direct_link	https://www.horandrashop.hu/custom/horandrashop/image/cache/w800h1200m00q100/product/20250601_154833.webp	https://www.horandrashop.hu/custom/horandrashop/image/cache/w800h1200m00q100/product/20250606_152618.webp,https://www.horandrashop.hu/custom/horandrashop/image/cache/w800h1200m00q100/product/20250601_154814.webp	in_stock	7990 HUF		5715 HUF				No	Ruházat > Felsők, kardigánok				Kollekciók	Blue Moon	Felsők, kardigánok	White Moonlight		New	No			Fehér			One size		WHI-TP-0000014-OSI	
BLU-TP-0000015-OSI	Zora kék felső	Rövid ujjú, nagyon csinos, bordázott anyagból készült, fodros, rövid ujjú blúz. A nyakkivágását dekoratív kötő teszi különlegessé. 	https://www.horandrashop.hu/zora-kek-felso-664?utm_source=google_shopping&utm_medium=cpp&utm_campaign=direct_link	https://www.horandrashop.hu/custom/horandrashop/image/cache/w800h1200m00q100/product/20250601_1731011.webp	https://www.horandrashop.hu/custom/horandrashop/image/cache/w800h1200m00q100/product/20250601_173153.webp	in_stock	5900 HUF		2794 HUF				No	Ruházat > Felsők, kardigánok				Kollekciók	Blue Moon	Felsők, kardigánok			New	No			Kék			One size		BLU-TP-0000015-OSI	
PIN-TP-0000016-OSI	Zora rózsaszín felső	Rövid ujjú, bordázott anyagból készült, fodros, rövid ujjú felső. A nyakkivágását dekoratív megkötő teszi különlegessé.	https://www.horandrashop.hu/zora-rozsaszin-felso-667?utm_source=google_shopping&utm_medium=cpp&utm_campaign=direct_link	https://www.horandrashop.hu/custom/horandrashop/image/cache/w800h1200m00q100/product/20250601_173626.webp	https://www.horandrashop.hu/custom/horandrashop/image/cache/w800h1200m00q100/product/20250601_173816.webp	in_stock	5900 HUF		2794 HUF				No	Ruházat > Felsők, kardigánok				Kollekciók	Felsők, kardigánok	Sweet Rose			New	No			Rózsaszín			One size		PIN-TP-0000016-OSI	
BLU-TP-0000017-OSI	Iris kék felső	Ez az ujjatlan , bordázott anyagból készült felső nagyszerű alapdarab minden gardróbba. 	https://www.horandrashop.hu/iris-kek-felso-670?utm_source=google_shopping&utm_medium=cpp&utm_campaign=direct_link	https://www.horandrashop.hu/custom/horandrashop/image/cache/w800h1200m00q100/product/20250601_170505.webp	https://www.horandrashop.hu/custom/horandrashop/image/cache/w800h1200m00q100/product/20250601_170559.webp,https://www.horandrashop.hu/custom/horandrashop/image/cache/w800h1200m00q100/product/20250601_170448.webp	in_stock	6990 HUF		2286 HUF				No	Ruházat > Felsők, kardigánok				Kollekciók	Blue Moon	Felsők, kardigánok			New	No			Kék			One size		BLU-TP-0000017-OSI	
PIN-TP-0000018-OSI	Iris fukszia felső	Ez az ujjatlan, bordázott anyagból készült garbónyakú felső minden gardrób alapdarabja!	https://www.horandrashop.hu/iris-fukszia-felso-673?utm_source=google_shopping&utm_medium=cpp&utm_campaign=direct_link	https://www.horandrashop.hu/custom/horandrashop/image/cache/w800h1200m00q100/product/20250601_172309.webp	https://www.horandrashop.hu/custom/horandrashop/image/cache/w800h1200m00q100/product/20250601_172554.webp,https://www.horandrashop.hu/custom/horandrashop/image/cache/w800h1200m00q100/product/20250606_150732.webp	in_stock	6990 HUF		2286 HUF				No	Ruházat > Felsők, kardigánok				Kollekciók	Felsők, kardigánok	Sweet Rose			New	No			Rózsaszín			One size		PIN-TP-0000018-OSI	
GRE-TP-0000019-OSI	 Iris zöld felső	Ez a bordázott anyagú, zöld , garbónyakú felső minden gardrób alapdarabja!	https://www.horandrashop.hu/iris-zold-felso-676?utm_source=google_shopping&utm_medium=cpp&utm_campaign=direct_link	https://www.horandrashop.hu/custom/horandrashop/image/cache/w800h1200m00q100/product/20250601_170107.webp	https://www.horandrashop.hu/custom/horandrashop/image/cache/w800h1200m00q100/product/20250601_170128.webp	in_stock	6990 HUF	4990 HUF	2286 HUF				No	Ruházat > Felsők, kardigánok				Kollekciók	Felsők, kardigánok	Forest Kiss			New	No			Zöld			One size		GRE-TP-0000019-OSI	
BLU-TP-0000020-OSI	Viva felső	Ez az a felső, ami első látásra szerelem. Elegáns, ugyanakkor a virágok miatt romantikus benyomást is kelt,  ideális választás a mindennapokra, a munkába és ünnepi alkalmakra is.  	https://www.horandrashop.hu/viva-felso-679?utm_source=google_shopping&utm_medium=cpp&utm_campaign=direct_link	https://www.horandrashop.hu/custom/horandrashop/image/cache/w800h1200m00q100/product/20250601_1218191.webp	https://www.horandrashop.hu/custom/horandrashop/image/cache/w800h1200m00q100/product/20250601_121925.webp	in_stock	9990 HUF		6350 HUF				No	Ruházat > Felsők, kardigánok				Kollekciók	Blue Moon	Felsők, kardigánok			New	No			Kék			One size		BLU-TP-0000020-OSI	
BLU-PT-0000021-OSI	Daisy kék virágos culotte nadrág	Ez a kék alapon virágmintás culotte szoknyanadrág a nyári gardrób egyik legkényelmesebb és legsikkesebb darabja. Ráadásul ajándék öv is jár hozzá. 	https://www.horandrashop.hu/daisy-kek-viragos-culotte-nadrag-682?utm_source=google_shopping&utm_medium=cpp&utm_campaign=direct_link	https://www.horandrashop.hu/custom/horandrashop/image/cache/w800h1200m00q100/product/20250601_145557.webp	https://www.horandrashop.hu/custom/horandrashop/image/cache/w800h1200m00q100/product/20250601_145916.webp,https://www.horandrashop.hu/custom/horandrashop/image/cache/w800h1200m00q100/product/20250601_1510351.webp,https://www.horandrashop.hu/custom/horandrashop/image/cache/w800h1200m00q100/product/20250601_151134.webp	in_stock	11990 HUF		7239 HUF				No	Ruházat > Nadrágok				Kollekciók	Blue Moon	Nadrágok			New	No			Kék			One size		BLU-PT-0000021-OSI	
PIN-PT-0000022-OSI	Daisy rózsaszín virágos culotte nadrág	Ez a rózsaszín alapon virágmintás culotte szoknyanadrág a nyári gardrób egyik legkényelmesebb és legsikkesebb darabja lehet. Ráadásul ajándék öv is jár hozzá!	https://www.horandrashop.hu/daisy-rozsaszin-viragos-culotte-nadrag-685?utm_source=google_shopping&utm_medium=cpp&utm_campaign=direct_link	https://www.horandrashop.hu/custom/horandrashop/image/cache/w800h1200m00q100/product/20250601_155830.webp	https://www.horandrashop.hu/custom/horandrashop/image/cache/w800h1200m00q100/product/20250606_155600.webp,https://www.horandrashop.hu/custom/horandrashop/image/cache/w800h1200m00q100/product/20250601_155901.webp	in_stock	11990 HUF		7239 HUF				No	Ruházat > Nadrágok				Kollekciók	Nadrágok	Sweet Rose			New	No			Rózsaszín			One size		PIN-PT-0000022-OSI	
BLU-SK-0000023-L/XL	Sway rövid szoknya	Ez a királykék, rövid plisszírozott szoknya igazi statement darab, amely eleganciát és energiát sugároz. 	https://www.horandrashop.hu/sway-rovid-szoknya-688?utm_source=google_shopping&utm_medium=cpp&utm_campaign=direct_link	https://www.horandrashop.hu/custom/horandrashop/image/cache/w800h1200m00q100/product/20250601_152122.webp	https://www.horandrashop.hu/custom/horandrashop/image/cache/w800h1200m00q100/product/20250601_151622.webp,https://www.horandrashop.hu/custom/horandrashop/image/cache/w800h1200m00q100/product/20250601_152053.webp,https://www.horandrashop.hu/custom/horandrashop/image/cache/w800h1200m00q100/product/20250601_153245.webp	in_stock	10990 HUF		7112 HUF				No	Ruházat > Szoknyák				Kollekciók	Blue Moon	Szoknyák			New	No			Kék			L/XL		BLU-SK-0000023-L/XL	
BLU-DR-0000024-OSI	Iza Alkalmi ruha	Ez a ruha egyszerűen nagyszerű. Kényelmes, és nagyon csinos. Legyen szó esküvőről vagy más alkalomról, ahol számít, hogy csinos is legyél, de kényelmes is legyen a ruha, akár egy egész napon át. Kitűnően kombinálható akár fehér, akár sötétkék, vagy bézs kiegészítőkkel is!	https://www.horandrashop.hu/iza-alkalmi-ruha-691?utm_source=google_shopping&utm_medium=cpp&utm_campaign=direct_link	https://www.horandrashop.hu/custom/horandrashop/image/cache/w800h1200m00q100/product/20250601_165121.webp	https://www.horandrashop.hu/custom/horandrashop/image/cache/w800h1200m00q100/product/20250601_165001.webp,https://www.horandrashop.hu/custom/horandrashop/image/cache/w800h1200m00q100/product/20250601_165035.webp	in_stock	12990 HUF		9398 HUF				No	Ruházat > Ruhák				Kollekciók	Blue Moon	Ruhák			New	No			Kék			One size		BLU-DR-0000024-OSI	
PIN-DR-0000025-OSI	Nola ruha	Ez a ruha is azt kell mondanom, hogy alapdarab. A színe miatt elég feltűnő és kitűnően kombinálhatod Zyra cipőnkkel, de Frost edzőcipőnkkel is.  A zöld és a fehér is kimondottan jól mennek hozzá.	https://www.horandrashop.hu/nola-ruha-694?utm_source=google_shopping&utm_medium=cpp&utm_campaign=direct_link	https://www.horandrashop.hu/custom/horandrashop/image/cache/w800h1200m00q100/product/20250601_164052.webp	https://www.horandrashop.hu/custom/horandrashop/image/cache/w800h1200m00q100/product/20250601_164303.webp,https://www.horandrashop.hu/custom/horandrashop/image/cache/w800h1200m00q100/product/20250601_163837.webp	in_stock	6990 HUF		3175 HUF				No	Ruházat > Ruhák				Kollekciók	Ruhák	Sweet Rose			New	No			Rózsaszín			One size		PIN-DR-0000025-OSI	
PIN-PT-0000026-OSI	Aria virágos nadrág	Ez az elegáns női rövidnadrág kiváló választás sokféle alkalomra, tökélete mindennapi viseletre, munkába, találkozókra vagy bulikra is. Nagyon kényelmes és sokféleképpen kombinálható darab, 	https://www.horandrashop.hu/aria-viragos-nadrag-697?utm_source=google_shopping&utm_medium=cpp&utm_campaign=direct_link	https://www.horandrashop.hu/custom/horandrashop/image/cache/w800h1200m00q100/product/20250601_150641.webp	https://www.horandrashop.hu/custom/horandrashop/image/cache/w800h1200m00q100/product/20250601_150851.webp,https://www.horandrashop.hu/custom/horandrashop/image/cache/w800h1200m00q100/product/20250601_151350.webp,https://www.horandrashop.hu/custom/horandrashop/image/cache/w800h1200m00q100/product/20250601_1513041.webp	in_stock	8990 HUF		5588 HUF				No	Ruházat > Nadrágok				Kollekciók	Nadrágok	Sweet Rose			New	No			Rózsaszín			One size		PIN-PT-0000026-OSI	
PIN-TP-0000027-OSI	Adriana virágos blúz	Nem tudom, ti hogy vagytok vele, de én nagyon szeretem az ilyen spanyol típusú felsőket. Klasszikus, mégis nőies, és a virágminta nagyon feldobja. Ideális mindennapi viseletre, munkába, valamint ünnepi alkalmakra is. 	https://www.horandrashop.hu/adriana-viragos-bluz-700?utm_source=google_shopping&utm_medium=cpp&utm_campaign=direct_link	https://www.horandrashop.hu/custom/horandrashop/image/cache/w800h1200m00q100/product/20250601_154053.webp	https://www.horandrashop.hu/custom/horandrashop/image/cache/w800h1200m00q100/product/20250722_114053.webp,https://www.horandrashop.hu/custom/horandrashop/image/cache/w800h1200m00q100/product/20250722_114259.webp,https://www.horandrashop.hu/custom/horandrashop/image/cache/w800h1200m00q100/product/20250722_114347.webp,https://www.horandrashop.hu/custom/horandrashop/image/cache/w800h1200m00q100/product/20250601_154036.webp	in_stock	8990 HUF		5588 HUF				No	Ruházat > Felsők, kardigánok				Kollekciók	Felsők, kardigánok	Sweet Rose			New	No			Rózsaszín			One size		PIN-TP-0000027-OSI	
PIN-DR-0000028-38	Aurora virágos koktél ruha	Gyönyörű koktélruha festett virágokkal. A szoknyarész formáját tüll és selyem bélés teszi tökéletessé. Az öv levehető, ha anélkül szeretnéd hordani! Csapj le rá, mert nem sok érkezett belőle!	https://www.horandrashop.hu/aurora-viragos-koktel-ruha-703?utm_source=google_shopping&utm_medium=cpp&utm_campaign=direct_link	https://www.horandrashop.hu/custom/horandrashop/image/cache/w800h1200m00q100/product/20250601_111610.webp	https://www.horandrashop.hu/custom/horandrashop/image/cache/w800h1200m00q100/product/20250601_121614.webp,https://www.horandrashop.hu/custom/horandrashop/image/cache/w800h1200m00q100/product/20250606_143424.webp	in_stock	16990 HUF		8382 HUF				No	Ruházat > Ruhák				Kollekciók	Ruhák	Sweet Rose			New	No			Rózsaszín			38		PIN-DR-0000028-38	
TAR-SK-0000029-OSI	Sora szoknya	Ez a stílusos, bővülő szabású mini szoknya ideális választás a mindennapokra , de akár rendezvényekre is. Viseld egyszínű pólóval, és sportcipővel vagy egy csipkés toppal és magas sarkúval. 	https://www.horandrashop.hu/sora-szoknya-706?utm_source=google_shopping&utm_medium=cpp&utm_campaign=direct_link	https://www.horandrashop.hu/custom/horandrashop/image/cache/w800h1200m00q100/product/20250601_123033.webp	https://www.horandrashop.hu/custom/horandrashop/image/cache/w800h1200m00q100/product/20250601_123036.webp	in_stock	9990 HUF		5588 HUF				No	Ruházat > Szoknyák				Kollekciók	Szoknyák	Urban Jungle			New	No			Tarka			One size		TAR-SK-0000029-OSI	
TAR-SK-0000030-M	Elara szoknya	Ceruzaszoknya elöl díszes kötéssel. Tökéletes akár munkába, de a tengerpartra és egy rendezvényre is. Ha Te is imádod a különleges szabásvonalakat ez a szoknya máris a tied!	https://www.horandrashop.hu/elara-szoknya-709?utm_source=google_shopping&utm_medium=cpp&utm_campaign=direct_link	https://www.horandrashop.hu/custom/horandrashop/image/cache/w800h1200m00q100/product/20250601_170505.webp	https://www.horandrashop.hu/custom/horandrashop/image/cache/w800h1200m00q100/product/20250601_170036.webp,https://www.horandrashop.hu/custom/horandrashop/image/cache/w800h1200m00q100/product/20250601_170107.webp,https://www.horandrashop.hu/custom/horandrashop/image/cache/w800h1200m00q100/product/20250601_170449.webp	in_stock	8990 HUF	8450 HUF	2794 HUF				No	Ruházat > Szoknyák				Kollekciók	Blue Moon	Szoknyák	Forest Kiss		New	No			Tarka			M		TAR-SK-0000030-M	
GRE-DR-0000031-OSI	Elva egyberuha	A Elva egy üde, természetes hatású egybe ruha, amely tökéletes választás a nyári napokra. Aszimmetrikus a vállak szabása, így kényelmesen lehúzhatod a ruha egyik ujját, hogy szabadon hagy a vállat, de ha nem szereted ezt a fajta megoldást, a ruha úgy is hordható. Intenzív színének hála nagyon sokféleképpen kombinálható, viseld rózsaszínnel és ragyogj!	https://www.horandrashop.hu/elva-egyberuha-712?utm_source=google_shopping&utm_medium=cpp&utm_campaign=direct_link	https://www.horandrashop.hu/custom/horandrashop/image/cache/w800h1200m00q100/product/20250601_163400.webp	https://www.horandrashop.hu/custom/horandrashop/image/cache/w800h1200m00q100/product/20250601_163424.webp	in_stock	8990 HUF		5715 HUF				No	Ruházat > Ruhák				Kollekciók	Ruhák	Forest Kiss			New	No			Zöld			One size		GRE-DR-0000031-OSI	
BLA-TP-0000032-M	Silva fekete blúz	Rövid blúz bordázott anyagból, rövid ujjakkal és kerek nyakkivágással. Nagyon szép csipkebetét van az alján. 	https://www.horandrashop.hu/silva-fekete-bluz-715?utm_source=google_shopping&utm_medium=cpp&utm_campaign=direct_link	https://www.horandrashop.hu/custom/horandrashop/image/cache/w800h1200m00q100/product/20250601_155830.webp	https://www.horandrashop.hu/custom/horandrashop/image/cache/w800h1200m00q100/product/20250722_112204.webp,https://www.horandrashop.hu/custom/horandrashop/image/cache/w800h1200m00q100/product/20250722_112234.webp,https://www.horandrashop.hu/custom/horandrashop/image/cache/w800h1200m00q100/product/20250722_112305.webp	in_stock	7990 HUF		4445 HUF				No	Ruházat > Felsők, kardigánok				Kollekciók	Felsők, kardigánok	Midnight Touch			New	No			Fekete			M		BLA-TP-0000032-M	
BLA-TP-0000032-L	Silva fekete blúz	Rövid blúz bordázott anyagból, rövid ujjakkal és kerek nyakkivágással. Nagyon szép csipkebetét van az alján. 	https://www.horandrashop.hu/silva-fekete-bluz-721?utm_source=google_shopping&utm_medium=cpp&utm_campaign=direct_link	https://www.horandrashop.hu/custom/horandrashop/image/cache/w800h1200m00q100/product/20250601_155830.webp	https://www.horandrashop.hu/custom/horandrashop/image/cache/w800h1200m00q100/product/20250722_112204.webp,https://www.horandrashop.hu/custom/horandrashop/image/cache/w800h1200m00q100/product/20250722_112234.webp,https://www.horandrashop.hu/custom/horandrashop/image/cache/w800h1200m00q100/product/20250722_112305.webp	in_stock	7990 HUF		4445 HUF				No	Ruházat > Felsők, kardigánok				Kollekciók	Felsők, kardigánok	Midnight Touch			New	No			Fekete			L		BLA-TP-0000032-M	
WHI-TP-0000033-M	Silva fehér blúz	Rövid blúz bordázott anyagból, rövid ujjakkal és kerek nyakkivágással. Nagyon szép csipkebetét van az alján. 	https://www.horandrashop.hu/silva-feher-bluz-724?utm_source=google_shopping&utm_medium=cpp&utm_campaign=direct_link	https://www.horandrashop.hu/custom/horandrashop/image/cache/w800h1200m00q100/product/20250601_153610.webp	https://www.horandrashop.hu/custom/horandrashop/image/cache/w800h1200m00q100/product/20250722_112736.webp,https://www.horandrashop.hu/custom/horandrashop/image/cache/w800h1200m00q100/product/20250722_112931.webp,https://www.horandrashop.hu/custom/horandrashop/image/cache/w800h1200m00q100/product/20250722_113124.webp,https://www.horandrashop.hu/custom/horandrashop/image/cache/w800h1200m00q100/product/20250722_113242.webp	in_stock	7990 HUF		4445 HUF				No	Ruházat > Felsők, kardigánok				Kollekciók	Felsők, kardigánok	White Moonlight			New	No			Fehér			M		WHI-TP-0000033-M	
WHI-TP-0000033-L	Silva fehér blúz	Rövid blúz bordázott anyagból, rövid ujjakkal és kerek nyakkivágással. Nagyon szép csipkebetét van az alján. 	https://www.horandrashop.hu/silva-feher-bluz-727?utm_source=google_shopping&utm_medium=cpp&utm_campaign=direct_link	https://www.horandrashop.hu/custom/horandrashop/image/cache/w800h1200m00q100/product/20250601_153610.webp	https://www.horandrashop.hu/custom/horandrashop/image/cache/w800h1200m00q100/product/20250722_112736.webp,https://www.horandrashop.hu/custom/horandrashop/image/cache/w800h1200m00q100/product/20250722_112931.webp,https://www.horandrashop.hu/custom/horandrashop/image/cache/w800h1200m00q100/product/20250722_113124.webp,https://www.horandrashop.hu/custom/horandrashop/image/cache/w800h1200m00q100/product/20250722_113242.webp	in_stock	7990 HUF						No	Ruházat > Felsők, kardigánok				Kollekciók	Felsők, kardigánok	White Moonlight			New	No			Fehér			L		WHI-TP-0000033-M	
WHI-SO-0000034-39	Alba fehér szandál	 	https://www.horandrashop.hu/alba-feher-szandal-730?utm_source=google_shopping&utm_medium=cpp&utm_campaign=direct_link	https://www.horandrashop.hu/custom/horandrashop/image/cache/w800h1200m00q100/product/20250606_163047.webp	https://www.horandrashop.hu/custom/horandrashop/image/cache/w800h1200m00q100/product/20250601_111610.webp,https://www.horandrashop.hu/custom/horandrashop/image/cache/w800h1200m00q100/product/20250601_152122.webp,https://www.horandrashop.hu/custom/horandrashop/image/cache/w800h1200m00q100/product/20250601_153610.webp,https://www.horandrashop.hu/custom/horandrashop/image/cache/w800h1200m00q100/product/20250601_154053.webp,https://www.horandrashop.hu/custom/horandrashop/image/cache/w800h1200m00q100/product/20250606_142349.webp,https://www.horandrashop.hu/custom/horandrashop/image/cache/w800h1200m00q100/product/20250606_163154.webp	in_stock	10990 HUF		8636 HUF				No	Kollekciók > White Moonlight				Kollekciók	Cipők	White Moonlight			New	No			Fehér					WHI-SO-0000034-39	
BLA-PT-0000035-M	Mira leggings	Az elegancia és a funkció tökéletes találkozása. Ez a leggings nem csak formás sziluettet varázsol, hanem praktikus, stílusos cipzár része is feldobja a megjelenést. 	https://www.horandrashop.hu/mira-leggings-733?utm_source=google_shopping&utm_medium=cpp&utm_campaign=direct_link	https://www.horandrashop.hu/custom/horandrashop/image/cache/w800h1200m00q100/product/20250601_173626.webp	https://www.horandrashop.hu/custom/horandrashop/image/cache/w800h1200m00q100/product/20250601_173756.webp	in_stock	9800 HUF		6223 HUF				No	Ruházat > Nadrágok				Kollekciók	Nadrágok	Midnight Touch			New	No			Fekete			M		BLA-PT-0000035-M	
BLA-PT-0000035-L	Mira leggings	Az elegancia és a funkció tökéletes találkozása. Ez a leggings nem csak formás sziluettet varázsol, hanem praktikus, stílusos cipzár része is feldobja a megjelenést.	https://www.horandrashop.hu/mira-leggings-736?utm_source=google_shopping&utm_medium=cpp&utm_campaign=direct_link	https://www.horandrashop.hu/custom/horandrashop/image/cache/w800h1200m00q100/product/20250601_173626.webp	https://www.horandrashop.hu/custom/horandrashop/image/cache/w800h1200m00q100/product/20250601_173756.webp	in_stock	9800 HUF		6223 HUF				No	Ruházat > Nadrágok				Kollekciók	Nadrágok	Midnight Touch			New	No			Fekete			L		BLA-PT-0000035-M	
BLA-SO-0000036-37	Vela szandál	Ez a fekete szandál a nyári gardróbod nélkülözhetetlen darabja, amely egyszerre elegáns és kényelmes.	https://www.horandrashop.hu/vela-szandal-739?utm_source=google_shopping&utm_medium=cpp&utm_campaign=direct_link	https://www.horandrashop.hu/custom/horandrashop/image/cache/w800h1200m00q100/product/20250606_165010.webp	https://www.horandrashop.hu/custom/horandrashop/image/cache/w800h1200m00q100/product/20250601_114846.webp,https://www.horandrashop.hu/custom/horandrashop/image/cache/w800h1200m00q100/product/20250601_120033.webp,https://www.horandrashop.hu/custom/horandrashop/image/cache/w800h1200m00q100/product/20250601_120630.webp	in_stock	10990 HUF		7112 HUF				No	Kollekciók > Midnight Touch				Kollekciók	Cipők	Midnight Touch			New	No			Fekete					BLA-SO-0000036-37	
BLA-SO-0000036-39	Vela szandál	Ez a fekete szandál a nyári gardróbod nélkülözhetetlen darabja, amely egyszerre elegáns és kényelmes.	https://www.horandrashop.hu/vela-szandal-742?utm_source=google_shopping&utm_medium=cpp&utm_campaign=direct_link	https://www.horandrashop.hu/custom/horandrashop/image/cache/w800h1200m00q100/product/20250606_165010.webp	https://www.horandrashop.hu/custom/horandrashop/image/cache/w800h1200m00q100/product/20250601_114846.webp,https://www.horandrashop.hu/custom/horandrashop/image/cache/w800h1200m00q100/product/20250601_120033.webp,https://www.horandrashop.hu/custom/horandrashop/image/cache/w800h1200m00q100/product/20250601_120630.webp	in_stock	10990 HUF		7112 HUF				No	Kollekciók > Midnight Touch				Kollekciók	Cipők	Midnight Touch			New	No			Fekete					BLA-SO-0000036-37	
WHI-SO-0000037-37	Frost fehér-kék edzőcipő	  Ez a fehér edzőcipő friss, tiszta dizájnjával és dinamikus kék csíkjával egyszerre sugároz sportosságot és stílust. A fehér edzőcipő rengeteg szett kiegészítője lehet. 	https://www.horandrashop.hu/frost-feher-kek-edzocipo-745?utm_source=google_shopping&utm_medium=cpp&utm_campaign=direct_link	https://www.horandrashop.hu/custom/horandrashop/image/cache/w800h1200m00q100/product/20250606_163517.webp	https://www.horandrashop.hu/custom/horandrashop/image/cache/w800h1200m00q100/product/20250601_145557.webp,https://www.horandrashop.hu/custom/horandrashop/image/cache/w800h1200m00q100/product/20250601_151622.webp,https://www.horandrashop.hu/custom/horandrashop/image/cache/w800h1200m00q100/product/20250601_154833.webp,https://www.horandrashop.hu/custom/horandrashop/image/cache/w800h1200m00q100/product/20250601_162458.webp,https://www.horandrashop.hu/custom/horandrashop/image/cache/w800h1200m00q100/product/20250709_155818.webp,https://www.horandrashop.hu/custom/horandrashop/image/cache/w800h1200m00q100/product/20250709_155847.webp	in_stock	9990 HUF		5334 HUF				No	Kollekciók > White Moonlight				Kollekciók	Cipők	White Moonlight			New	No			Fehér					WHI-SO-0000037-37	
WHI-SO-0000037-39	Frost fehér-kék edzőcipő	  Ez a fehér edzőcipő friss, tiszta dizájnjával és dinamikus kék csíkjával egyszerre sugároz sportosságot és stílust. A fehér edzőcipő rengeteg szett kiegészítője lehet. 	https://www.horandrashop.hu/frost-feher-kek-edzocipo-748?utm_source=google_shopping&utm_medium=cpp&utm_campaign=direct_link	https://www.horandrashop.hu/custom/horandrashop/image/cache/w800h1200m00q100/product/20250606_163517.webp	https://www.horandrashop.hu/custom/horandrashop/image/cache/w800h1200m00q100/product/20250601_145557.webp,https://www.horandrashop.hu/custom/horandrashop/image/cache/w800h1200m00q100/product/20250601_151622.webp,https://www.horandrashop.hu/custom/horandrashop/image/cache/w800h1200m00q100/product/20250601_154833.webp,https://www.horandrashop.hu/custom/horandrashop/image/cache/w800h1200m00q100/product/20250601_162458.webp,https://www.horandrashop.hu/custom/horandrashop/image/cache/w800h1200m00q100/product/20250709_155818.webp,https://www.horandrashop.hu/custom/horandrashop/image/cache/w800h1200m00q100/product/20250709_155847.webp	in_stock	9990 HUF		5334 HUF				No	Kollekciók > White Moonlight				Kollekciók	Cipők	White Moonlight			New	No			Fehér					WHI-SO-0000037-37	
WHI-SO-0000038-37	Frost fehér- rózsaszín edzőcipő	  Ez a fehér edzőcipő friss, tiszta dizájnjával és dinamikus rózsaszín csíkjával egyszerre sugároz sportosságot és eleganciát. 	https://www.horandrashop.hu/frost-feher-rozsaszin-edzocipo-751?utm_source=google_shopping&utm_medium=cpp&utm_campaign=direct_link	https://www.horandrashop.hu/custom/horandrashop/image/cache/w800h1200m00q100/product/20250606_162712.webp	https://www.horandrashop.hu/custom/horandrashop/image/cache/w800h1200m00q100/product/20250601_123033.webp,https://www.horandrashop.hu/custom/horandrashop/image/cache/w800h1200m00q100/product/20250601_150641.webp,https://www.horandrashop.hu/custom/horandrashop/image/cache/w800h1200m00q100/product/20250606_162800.webp,https://www.horandrashop.hu/custom/horandrashop/image/cache/w800h1200m00q100/product/20250601_162106.webp,https://www.horandrashop.hu/custom/horandrashop/image/cache/w800h1200m00q100/product/20250601_1218191.webp,https://www.horandrashop.hu/custom/horandrashop/image/cache/w800h1200m00q100/product/20250709_155725.webp	in_stock	9990 HUF		4699 HUF				No	Kollekciók > White Moonlight				Kollekciók	Cipők	White Moonlight			New	No			Fehér					WHI-SO-0000038-37	
WHI-SO-0000038-39	Frost fehér- rózsaszín edzőcipő	  Ez a fehér edzőcipő friss, tiszta dizájnjával és dinamikus rózsaszín csíkjával egyszerre sugároz sportosságot és eleganciát. 	https://www.horandrashop.hu/frost-feher-rozsaszin-edzocipo-754?utm_source=google_shopping&utm_medium=cpp&utm_campaign=direct_link	https://www.horandrashop.hu/custom/horandrashop/image/cache/w800h1200m00q100/product/20250606_162712.webp	https://www.horandrashop.hu/custom/horandrashop/image/cache/w800h1200m00q100/product/20250601_121819.webp,https://www.horandrashop.hu/custom/horandrashop/image/cache/w800h1200m00q100/product/20250606_162800.webp,https://www.horandrashop.hu/custom/horandrashop/image/cache/w800h1200m00q100/product/20250601_123033.webp,https://www.horandrashop.hu/custom/horandrashop/image/cache/w800h1200m00q100/product/20250601_150641.webp,https://www.horandrashop.hu/custom/horandrashop/image/cache/w800h1200m00q100/product/20250601_162106.webp,https://www.horandrashop.hu/custom/horandrashop/image/cache/w800h1200m00q100/product/20250709_155725.webp	in_stock	9990 HUF		4699 HUF				No	Kollekciók > White Moonlight				Kollekciók	Cipők	White Moonlight			New	No			Fehér					WHI-SO-0000038-37	
BLU-DR-0000039-SM	Flora ruha	 A Flora ruha egy nagyon könnyed nyári ruha, mely megkötő pántokkal van ellátva, és alul cuki fodrok díszítik. 	https://www.horandrashop.hu/flora-ruha-757?utm_source=google_shopping&utm_medium=cpp&utm_campaign=direct_link	https://www.horandrashop.hu/custom/horandrashop/image/cache/w800h1200m00q100/product/20250606_142349.webp	https://www.horandrashop.hu/custom/horandrashop/image/cache/w800h1200m00q100/product/20250606_142639.webp	in_stock	8990 HUF		4445 HUF				No	Ruházat > Ruhák				Kollekciók	Blue Moon	Ruhák			New	No			Kék			S/M		BLU-DR-0000039-SM	
BLU-DR-0000039-LXL	Flora ruha	 A Flora ruha egy nagyon könnyed nyári ruha, mely megkötő pántokkal van ellátva, és alul cuki fodrok díszítik. 	https://www.horandrashop.hu/flora-ruha-760?utm_source=google_shopping&utm_medium=cpp&utm_campaign=direct_link	https://www.horandrashop.hu/custom/horandrashop/image/cache/w800h1200m00q100/product/20250606_142349.webp	https://www.horandrashop.hu/custom/horandrashop/image/cache/w800h1200m00q100/product/20250606_142639.webp	in_stock	8990 HUF		4445 HUF				No	Ruházat > Ruhák				Kollekciók	Blue Moon	Ruhák			New	No			Kék			L/XL		BLU-DR-0000039-SM	
PIN-SO-0000040-38	Zyra edzőcipő	  A Zyra edzőcipő nagyon stílusos kiegészítő a mindennapokban. 	https://www.horandrashop.hu/zyra-edzocipo-763?utm_source=google_shopping&utm_medium=cpp&utm_campaign=direct_link	https://www.horandrashop.hu/custom/horandrashop/image/cache/w800h1200m00q100/product/20250606_161941.webp	https://www.horandrashop.hu/custom/horandrashop/image/cache/w800h1200m00q100/product/20250601_163400.webp,https://www.horandrashop.hu/custom/horandrashop/image/cache/w800h1200m00q100/product/20250601_164052.webp,https://www.horandrashop.hu/custom/horandrashop/image/cache/w800h1200m00q100/product/20250606_162050.webp	in_stock	11990 HUF		8001 HUF				No	Kollekciók > Forest Kiss				Kollekciók	Forest Kiss	Cipők	Sweet Rose		New	No			Rózsaszín					PIN-SO-0000040-38	
LEO-SO-0000041-37	Vibe edzőcipő	  A Vibe edzőcipő ökobőrből készült, kényelmes és nagyon divatos megjelenést nyújt neked. 	https://www.horandrashop.hu/vibe-edzocipo-766?utm_source=google_shopping&utm_medium=cpp&utm_campaign=direct_link	https://www.horandrashop.hu/custom/horandrashop/image/cache/w800h1200m00q100/product/20250606_164036.webp	https://www.horandrashop.hu/custom/horandrashop/image/cache/w800h1200m00q100/product/20250601_112731.webp	in_stock	10990 HUF	10330 HUF	7112 HUF				No	Kollekciók > Urban Jungle				Kollekciók	Cipők	Urban Jungle			New	No			Fekete					LEO-SO-0000041-37	
LEO-SO-0000041-39	Vibe edzőcipő	 A Vibe edzőcipő ökobőrből készült, kényelmes és nagyon divatos megjelenést nyújt neked. 	https://www.horandrashop.hu/vibe-edzocipo-769?utm_source=google_shopping&utm_medium=cpp&utm_campaign=direct_link	https://www.horandrashop.hu/custom/horandrashop/image/cache/w800h1200m00q100/product/20250606_164036.webp	https://www.horandrashop.hu/custom/horandrashop/image/cache/w800h1200m00q100/product/20250601_112731.webp	in_stock	10990 HUF	10330 HUF	7112 HUF				No	Kollekciók > Urban Jungle				Kollekciók	Cipők	Urban Jungle			New	No			Fekete					LEO-SO-0000041-37	
BE-BG-1PEARLY	Pearly bézs táska	 Egy táska, amely maga a finom elegancia. A Pearly bézs árnyalatú, masnis díszítésű minitáska igazi ékszerként ragyog bármely outfit mellett. Romantikus randira, esküvőre vagy akár egy különleges vacsorára is tökéletes választás.	https://www.horandrashop.hu/pearly-bezs-taska-772?utm_source=google_shopping&utm_medium=cpp&utm_campaign=direct_link	https://www.horandrashop.hu/custom/horandrashop/image/cache/w800h1200m00q100/product/20250606_164652.webp	https://www.horandrashop.hu/custom/horandrashop/image/cache/w800h1200m00q100/product/20250606_164701.webp,https://www.horandrashop.hu/custom/horandrashop/image/cache/w800h1200m00q100/product/20250606_164802.webp	in_stock	8990 HUF	7990 HUF	3302 HUF				No	Kollekciók > Sandy Bloom				Kollekciók	Táskák	Sandy Bloom			New	No			Bézs					BE-BG-1PEARLY	
BLA-BG-3PEARLY	Pearly fekete táska	A Pearly fekete árnyalatú, masnis díszítésű minitáska igazi ékszerként ragyog bármely outfit mellett. Romantikus randira, esküvőre vagy akár egy különleges vacsorára is tökéletes választás.	https://www.horandrashop.hu/pearly-fekete-taska-778?utm_source=google_shopping&utm_medium=cpp&utm_campaign=direct_link	https://www.horandrashop.hu/custom/horandrashop/image/cache/w800h1200m00q100/product/20250606_164438.webp	https://www.horandrashop.hu/custom/horandrashop/image/cache/w800h1200m00q100/product/20250606_164451.webp,https://www.horandrashop.hu/custom/horandrashop/image/cache/w800h1200m00q100/product/20250606_164622.webp	in_stock	8990 HUF		3302 HUF				No	Kollekciók > Midnight Touch				Kollekciók	Táskák	Midnight Touch			New	No			Fekete					BLA-BG-3PEARLY	
BLA-BG-4EVE	Eve fekete táska	 Eve táskánk minden gardrób alapdarabja. A klasszikus fekete árnyalat és az aprólékosan kidolgozott részletek időtálló eleganciát sugároznak, miközben kompakt mérete tökéletes társad minden különleges pillanatban.	https://www.horandrashop.hu/eve-fekete-taska-781?utm_source=google_shopping&utm_medium=cpp&utm_campaign=direct_link	https://www.horandrashop.hu/custom/horandrashop/image/cache/w800h1200m00q100/product/20250606_164331.webp	https://www.horandrashop.hu/custom/horandrashop/image/cache/w800h1200m00q100/product/20250606_164338.webp,https://www.horandrashop.hu/custom/horandrashop/image/cache/w800h1200m00q100/product/20250601_120033.webp	in_stock	9990 HUF		5588 HUF				No	Kollekciók > Midnight Touch				Kollekciók	Táskák	Midnight Touch			New	No			Fekete					BLA-BG-4EVE	
WHI-BG-5EVE	Eve fehér táska	Ez a táska a letisztultság és a nőiesség táskába sűrített változata. Tiszta fehér színe frissességet és eleganciát sugároz, miközben kompakt mérete és kifinomult formája minden részletében harmóniát tükröz. 	https://www.horandrashop.hu/eve-feher-taska-784?utm_source=google_shopping&utm_medium=cpp&utm_campaign=direct_link	https://www.horandrashop.hu/custom/horandrashop/image/cache/w800h1200m00q100/product/20250601_144811.webp	https://www.horandrashop.hu/custom/horandrashop/image/cache/w800h1200m00q100/product/20250606_163222.webp,https://www.horandrashop.hu/custom/horandrashop/image/cache/w800h1200m00q100/product/20250601_145557.webp,https://www.horandrashop.hu/custom/horandrashop/image/cache/w800h1200m00q100/product/20250601_151622.webp,https://www.horandrashop.hu/custom/horandrashop/image/cache/w800h1200m00q100/product/20250601_152628.webp,https://www.horandrashop.hu/custom/horandrashop/image/cache/w800h1200m00q100/product/20250601_154053.webp,https://www.horandrashop.hu/custom/horandrashop/image/cache/w800h1200m00q100/product/20250601_162106.webp,https://www.horandrashop.hu/custom/horandrashop/image/cache/w800h1200m00q100/product/20250601_162458.webp,https://www.horandrashop.hu/custom/horandrashop/image/cache/w800h1200m00q100/product/20250601_164303.webp	in_stock	9990 HUF	9290 HUF	5588 HUF				No	Kollekciók > White Moonlight				Kollekciók	Táskák	White Moonlight			New	No			Fehér					WHI-BG-5EVE	
WHIPIN-BG-6LYN	Lyn rózsaszín-fehér táska	A Lyn táska olyan, mint egy halvány rózsaszín virágszirom a reggeli fényben. A fehér és rózsaszín kombinációja finom nőiességet és játékos eleganciát közvetít , ideális választás tavaszi és nyári napokra, romantikus programokhoz, vagy ha egyszerűen csak szeretnél egy kis frissességet vinni az outfitedbe. 	https://www.horandrashop.hu/lyn-rozsaszin-feher-taska-787?utm_source=google_shopping&utm_medium=cpp&utm_campaign=direct_link	https://www.horandrashop.hu/custom/horandrashop/image/cache/w800h1200m00q100/product/20250606_162855.webp	https://www.horandrashop.hu/custom/horandrashop/image/cache/w800h1200m00q100/product/20250606_162914.webp,https://www.horandrashop.hu/custom/horandrashop/image/cache/w800h1200m00q100/product/20250601_150641.webp,https://www.horandrashop.hu/custom/horandrashop/image/cache/w800h1200m00q100/product/20250606_162800.webp,https://www.horandrashop.hu/custom/horandrashop/image/cache/w800h1200m00q100/product/20250606_163154.webp	in_stock	12990 HUF		7366 HUF				No	Kollekciók > White Moonlight				Kollekciók	Táskák	White Moonlight	Sweet Rose		New	No			Fehér					WHIPIN-BG-6LYN	
BLU-BG-7NILA	Nila világoskék táska	A Nila táska a nyugalom és frissesség megtestesítője. Világoskék árnyalata az égbolt tisztaságát és a nyári szellő könnyedségét idézi, miközben letisztult formája és aprólékos kidolgozása finom eleganciát kölcsönöz minden megjelenésnek. 	https://www.horandrashop.hu/nila-vilagoskek-taska-790?utm_source=google_shopping&utm_medium=cpp&utm_campaign=direct_link	https://www.horandrashop.hu/custom/horandrashop/image/cache/w800h1200m00q100/product/20250606_163836.webp	https://www.horandrashop.hu/custom/horandrashop/image/cache/w800h1200m00q100/product/20250606_163851.webp,https://www.horandrashop.hu/custom/horandrashop/image/cache/w800h1200m00q100/product/20250601_121819.webp,https://www.horandrashop.hu/custom/horandrashop/image/cache/w800h1200m00q100/product/20250601_1731011.webp	in_stock	9990 HUF	8990 HUF	5080 HUF				No	Kollekciók > Blue Moon				Kollekciók	Blue Moon	Táskák			New	No			Kék					BLU-BG-7NILA	
LEO-BG-8JUNA	Juna leopárdmintás táska	 A Juna táska egyesíti a klasszikus fekete eleganciáját a leopárdminta vadító energiájával. Kifinomult, mégis merész ,egy olyan darab, ami azonnal magára vonja a tekinteteket. Kompakt mérete ellenére karakteres kiegészítője lesz minden outfitnek. 	https://www.horandrashop.hu/juna-leopardmintas-taska-793?utm_source=google_shopping&utm_medium=cpp&utm_campaign=direct_link	https://www.horandrashop.hu/custom/horandrashop/image/cache/w800h1200m00q100/product/20250601_160806.webp	https://www.horandrashop.hu/custom/horandrashop/image/cache/w800h1200m00q100/product/20250601_114846.webp,https://www.horandrashop.hu/custom/horandrashop/image/cache/w800h1200m00q100/product/20250601_160817.webp,https://www.horandrashop.hu/custom/horandrashop/image/cache/w800h1200m00q100/product/20250601_160918.webp,https://www.horandrashop.hu/custom/horandrashop/image/cache/w800h1200m00q100/product/20250601_160642.webp,https://www.horandrashop.hu/custom/horandrashop/image/cache/w800h1200m00q100/product/20250601_170943.webp	in_stock	9990 HUF		5588 HUF				No	Kollekciók > Urban Jungle				Kollekciók	Táskák	Urban Jungle			New	No			Leopárd					LEO-BG-8JUNA	
BLA-BG-9ZOA	Zoa táska	Ez a táska a modern városi stílus és a természetes textúrák tökéletes találkozása. A fekete bőrhatású elemek elegáns, letisztult karaktert adnak, míg a fonott részletek enyhe bohém hangulatot csempésznek bele. 	https://www.horandrashop.hu/zoa-taska-796?utm_source=google_shopping&utm_medium=cpp&utm_campaign=direct_link	https://www.horandrashop.hu/custom/horandrashop/image/cache/w800h1200m00q100/product/20250606_164152.webp	https://www.horandrashop.hu/custom/horandrashop/image/cache/w800h1200m00q100/product/20250606_164202.webp,https://www.horandrashop.hu/custom/horandrashop/image/cache/w800h1200m00q100/product/20250601_120630.webp,https://www.horandrashop.hu/custom/horandrashop/image/cache/w800h1200m00q100/product/20250601_155830.webp	in_stock	9990 HUF		6350 HUF				No	Kollekciók > Midnight Touch				Kollekciók	Táskák	Midnight Touch			New	No			Fekete					BLA-BG-9ZOA	
BLU-BG-10TIA	Tia királykék táska	Ez a királykék táska az elegancia és a merészség tökéletes összhangja. Élénk, mély kék árnyalata magabiztosságot és kifinomultságot sugároz, miközben kompakt mérete miatt kényelmes és praktikus társ minden alkalomra. 	https://www.horandrashop.hu/tia-kiralykek-taska-799?utm_source=google_shopping&utm_medium=cpp&utm_campaign=direct_link	https://www.horandrashop.hu/custom/horandrashop/image/cache/w800h1200m00q100/product/20250601_152420.webp	https://www.horandrashop.hu/custom/horandrashop/image/cache/w800h1200m00q100/product/20250601_152437.webp,https://www.horandrashop.hu/custom/horandrashop/image/cache/w800h1200m00q100/product/20250601_170036.webp,https://www.horandrashop.hu/custom/horandrashop/image/cache/w800h1200m00q100/product/20250601_170505.webp,https://www.horandrashop.hu/custom/horandrashop/image/cache/w800h1200m00q100/product/20250601_152122.webp,https://www.horandrashop.hu/custom/horandrashop/image/cache/w800h1200m00q100/product/20250606_163601.webp	in_stock	10990 HUF		7870 HUF				No	Kollekciók > Blue Moon				Kollekciók	Blue Moon	Táskák			New	No			Kék					BLU-BG-10TIA	
PINFUK-BG-11TIA	Tia fukszia táska	Ez a fukszia táska a vibráló nőiesség és játékos stílus tökéletes megtestesítője. Élénk, feltűnő árnyalata azonnal felpezsdíti a megjelenést, miközben kompakt mérete kényelmes és praktikus társ a mindennapokban. 	https://www.horandrashop.hu/tia-fukszia-taska-802?utm_source=google_shopping&utm_medium=cpp&utm_campaign=direct_link	https://www.horandrashop.hu/custom/horandrashop/image/cache/w800h1200m00q100/product/20250606_163716.webp	https://www.horandrashop.hu/custom/horandrashop/image/cache/w800h1200m00q100/product/20250606_163732.webp,https://www.horandrashop.hu/custom/horandrashop/image/cache/w800h1200m00q100/product/20250601_172309.webp,https://www.horandrashop.hu/custom/horandrashop/image/cache/w800h1200m00q100/product/20250606_150732.webp	in_stock	10990 HUF		7366 HUF				No	Kollekciók > Sweet Rose				Kollekciók	Táskák	Sweet Rose			New	No			Rózsaszín					PINFUK-BG-11TIA	
PIN-BG-12TIA	Tia világosrózsaszín táska	Ez a világos rózsaszín táska a finom nőiesség és az időtlen elegancia megtestesítője. Puha, pasztell árnyalata bájosan lágyítja a megjelenést, miközben kis mérete praktikus és kényelmes társ minden nap.	https://www.horandrashop.hu/tia-vilagosrozsaszin-taska-805?utm_source=google_shopping&utm_medium=cpp&utm_campaign=direct_link	https://www.horandrashop.hu/custom/horandrashop/image/cache/w800h1200m00q100/product/20250606_162451.webp	https://www.horandrashop.hu/custom/horandrashop/image/cache/w800h1200m00q100/product/20250606_162500.webp,https://www.horandrashop.hu/custom/horandrashop/image/cache/w800h1200m00q100/product/20250601_123033.webp,https://www.horandrashop.hu/custom/horandrashop/image/cache/w800h1200m00q100/product/20250601_163400.webp,https://www.horandrashop.hu/custom/horandrashop/image/cache/w800h1200m00q100/product/20250601_173626.webp,https://www.horandrashop.hu/custom/horandrashop/image/cache/w800h1200m00q100/product/20250601_173817.webp	in_stock	10990 HUF		7366 HUF				No	Kollekciók > Sweet Rose				Kollekciók	Táskák	Sweet Rose			New	No			Rózsaszín					PIN-BG-12TIA	
GRE-BG-13BLY	Bly zöld táska	Ez a zöld kis táska a természetes frissesség és a könnyed stílus tökéletes kiegészítője. Élénk, de mégis harmonikus zöld árnyalata vidámságot és megújulást hoz megjelenésedbe, miközben kompakt mérete miatt praktikus társ a mindennapokban. Természetesen van hozzá hosszú vállpánt is! 	https://www.horandrashop.hu/bly-zold-taska-808?utm_source=google_shopping&utm_medium=cpp&utm_campaign=direct_link	https://www.horandrashop.hu/custom/horandrashop/image/cache/w800h1200m00q100/product/20250606_162145.webp	https://www.horandrashop.hu/custom/horandrashop/image/cache/w800h1200m00q100/product/20250601_163836.webp,https://www.horandrashop.hu/custom/horandrashop/image/cache/w800h1200m00q100/product/20250601_164052.webp,https://www.horandrashop.hu/custom/horandrashop/image/cache/w800h1200m00q100/product/20250601_170107.webp,https://www.horandrashop.hu/custom/horandrashop/image/cache/w800h1200m00q100/product/20250606_162050.webp	in_stock	7990 HUF		4064 HUF				No	Kollekciók > Forest Kiss				Kollekciók	Forest Kiss	Táskák			New	No			Zöld					GRE-BG-13BLY	
BLA-JW-1-OBRA	Obra fekete fülbevaló	A fekete fa fülbevaló a természetes elegancia és az egyediség találkozása. Letisztult formája és mély fekete árnyalata különleges karaktert kölcsönöz bármely megjelenésnek , a fa és a fém elemek miatt egyszerre modern és földközeli a fülbevaló hatása. 	https://www.horandrashop.hu/obra-fekete-fulbevalo-811?utm_source=google_shopping&utm_medium=cpp&utm_campaign=direct_link	https://www.horandrashop.hu/custom/horandrashop/image/cache/w800h1200m00q100/product/20250608_122011.webp	https://www.horandrashop.hu/custom/horandrashop/image/cache/w800h1200m00q100/product/20250606_164622.webp	in_stock	1500 HUF		508 HUF				No	Kollekciók > Midnight Touch				Kollekciók	Ékszerek	Midnight Touch			New	No									
GRE-JW-2-OBRA	Obra zöld fülbevaló	A zöld fa fülbevaló a természetes elegancia és az egyediség találkozása. Letisztult formája és mélyzöld árnyalata különleges karaktert kölcsönöz bármely megjelenésnek , a fa és a fém elemek miatt egyszerre modern és földközeli a fülbevaló hatása. 	https://www.horandrashop.hu/obra-zold-fulbevalo-814?utm_source=google_shopping&utm_medium=cpp&utm_campaign=direct_link	https://www.horandrashop.hu/custom/horandrashop/image/cache/w800h1200m00q100/product/20250608_122431.webp		in_stock	1500 HUF		508 HUF				No	Kollekciók > Forest Kiss				Kollekciók	Forest Kiss	Ékszerek			New	No									
BLA-JW-3-DARLA	Darla fekete fülbevaló	A fekete bedugós fülbevaló a minimalizmus legstílusosabb formája. Letisztult formája és mélyfekete színe egyszerre időtálló és modern. Tökéletes választás a hétköznapok stílusos kiegészítőjeként, de akár esti megjelenésed finom, mégis határozott eleme is lehet.Könnyed, mégis karakteres darab a nagyságának köszönhetően, amely bármilyen szettel harmonizál, a klasszikus fekete-fehér kombinációktól kezdve az élénkebb színekig. Ha olyan kiegészítőt keresel, ami nem harsány, de mindig elegáns: ez a fülbevaló telitalálat.Stílustipp: Viseld magas copffal vagy konttyal, hogy kiemelje az arcformádat és elegáns karakterét.	https://www.horandrashop.hu/darla-fekete-fulbevalo-817?utm_source=google_shopping&utm_medium=cpp&utm_campaign=direct_link	https://www.horandrashop.hu/custom/horandrashop/image/cache/w800h1200m00q100/product/20250608_122935.webp		in_stock	1500 HUF		610 HUF				No	Kollekciók > Midnight Touch				Kollekciók	Ékszerek	Midnight Touch			New	No									
BLA-JW-7-NYX	Nyx fülbevaló	Ez a fekete lógós fülbevaló a klasszikus elegancia és modern minimalizmus találkozása. Letisztult vonalai és fekete, fehér és szürke színei miatt egyaránt illik elegáns estélyekhez és városi, laza megjelenéshez. A lógós fazon játékosságot és mozgást visz a megjelenésbe, miközben a fekete szín időtlen, kifinomult stílust kölcsönöz viselőjének.Viseld bármilyen fekete ruhával, vagy akár élénk színekkel kontrasztként,  garantáltan figyelemfelkeltő és stílusos kiegészítő.Stílustipp: Párosítsd fekete bőrdzsekivel vagy elegáns blézerrel, hogy még erőteljesebb legyen az összhatás! 	https://www.horandrashop.hu/nyx-fulbevalo-829?utm_source=google_shopping&utm_medium=cpp&utm_campaign=direct_link	https://www.horandrashop.hu/custom/horandrashop/image/cache/w800h1200m00q100/product/20250608_122250.webp		in_stock	1500 HUF		610 HUF				No	Kollekciók > Midnight Touch				Kollekciók	Ékszerek	Midnight Touch			New	No									
BLA-JW-8-KORA	Kora fekete fülbevaló	Ez a fekete, hosszú fülbevaló modern, mégis természetes hatást kelt a bőrhatású anyagával. Mély, elegáns fekete árnyalata hűvös és nyugodt hangulatot áraszt, miközben a lógós forma játékosságot és mozgást visz a megjelenésbe. Tökéletes választás azoknak, akik a divatot a természetességgel és egy kis vagánysággal szeretnék ötvözni.A bőrhatású felület matt textúrája kontrasztot ad a fülbevaló dinamikus formájának, így könnyen beilleszthető akár hétköznapi, akár alkalmi szettekbe.Stílustipp: Párosítsd fehér vagy szürke ruhadarabokkal a friss, letisztult összhatásért!	https://www.horandrashop.hu/kora-sotetkek-fulbevalo-832?utm_source=google_shopping&utm_medium=cpp&utm_campaign=direct_link	https://www.horandrashop.hu/custom/horandrashop/image/cache/w800h1200m00q100/product/20250608_123033.webp		in_stock	2000 HUF		1016 HUF				No	Kollekciók > Midnight Touch				Kollekciók	Ékszerek	Midnight Touch			New	No									
BE-JW-9-KORA	Kora krém színű fülbevaló	Ez a krém színű fülbevaló lágy, természetes eleganciát sugároz bőrhatású felületével. A meleg, semleges árnyalat tökéletes választás azoknak, akik szeretik a visszafogott, de mégis stílusos kiegészítőket. A lógós forma finoman mozog viselés közben, játékosságot és nőiességet kölcsönöz viselőjének.A matt, bőrhatású textúra kellemes tapintású, ugyanakkor vizuálisan is gazdagítja a megjelenést, így ez a fülbevaló jól illik mind hétköznapi, mind az alkalmi outfitekhez.Stílustipp: Viseld világos, pasztell vagy földszínű ruhákkal a harmonikus összhatásért!	https://www.horandrashop.hu/kora-szurke-fulbevalo-835?utm_source=google_shopping&utm_medium=cpp&utm_campaign=direct_link	https://www.horandrashop.hu/custom/horandrashop/image/cache/w800h1200m00q100/product/20250608_123149.webp	https://www.horandrashop.hu/custom/horandrashop/image/cache/w800h1200m00q100/product/20250606_164802.webp	in_stock	2000 HUF	1880 HUF	1016 HUF				No	Kollekciók > Sandy Bloom				Kollekciók	Sandy Bloom	Ékszerek			New	No									
PIN-JW-10-RÓZI	Rózi karkötő	Gondoltam kedveskedek Nektek Anyukák, Keresztanyukák, Nagymamák, Nevelőanyukák, Pótanyukák és a kiválasztott ruháitok mellé megvásárolhatjátok ezt a cuki gyerek karkötőt is a Kislányoknak és/vagy magatoknak is. A karkötő átmérője: 5 cm, de nagyon rugalmas, az én csuklómra is jó.  	https://www.horandrashop.hu/rozi-gyerek-karkoto-838?utm_source=google_shopping&utm_medium=cpp&utm_campaign=direct_link	https://www.horandrashop.hu/custom/horandrashop/image/cache/w800h1200m00q100/product/20250601_174245.webp	https://www.horandrashop.hu/custom/horandrashop/image/cache/w800h1200m00q100/product/20250601_174151.webp,https://www.horandrashop.hu/custom/horandrashop/image/cache/w800h1200m00q100/product/20250601_174227.webp	in_stock	1500 HUF		406 HUF				No	Kollekciók > Sweet Rose				Kollekciók	Ékszerek	Sweet Rose			New	No									
BLA-SO-0000042-37	Braska szandál	Nagyon szép és kényelmes szandál, alapdarab , hiszen szinte mindenféle ruhához passzol! A fekete alapszínt egy ezüst csík dobja fel!	https://www.horandrashop.hu/braska-szandal-839?utm_source=google_shopping&utm_medium=cpp&utm_campaign=direct_link	https://www.horandrashop.hu/custom/horandrashop/image/cache/w800h1200m00q100/product/20250712_111059.webp	https://www.horandrashop.hu/custom/horandrashop/image/cache/w800h1200m00q100/product/20250712_111203.webp	in_stock	6990 HUF		3490 HUF				No	Kollekciók > Midnight Touch				Cipők	Midnight Touch				New	No			Fekete					BLA-SO-0000042-37	
BLA-SO-0000042-39	Braska szandál	Nagyon szép és kényelmes szandál, alapdarab , hiszen szinte mindenféle ruhához passzol! A fekete alapszínt egy ezüst csík dobja fel!	https://www.horandrashop.hu/braska-szandal-842?utm_source=google_shopping&utm_medium=cpp&utm_campaign=direct_link	https://www.horandrashop.hu/custom/horandrashop/image/cache/w800h1200m00q100/product/20250712_111059.webp	https://www.horandrashop.hu/custom/horandrashop/image/cache/w800h1200m00q100/product/20250712_111203.webp	in_stock	6990 HUF		3490 HUF				No	Kollekciók > Midnight Touch				Cipők	Midnight Touch				New	No			Fekete					BLA-SO-0000042-37	
BE-SO-0000043-39	Parla bézs masnis papucs	Nagyon csinos és cuki papucs, ami szinte minden ruhához remekül passzol!	https://www.horandrashop.hu/parla-bezs-masnis-papucs-845?utm_source=google_shopping&utm_medium=cpp&utm_campaign=direct_link	https://www.horandrashop.hu/custom/horandrashop/image/cache/w800h1200m00q100/product/20250712_10540612.webp	https://www.horandrashop.hu/custom/horandrashop/image/cache/w800h1200m00q100/product/20250712_105440.webp	in_stock	8990 HUF	8540 HUF	6392 HUF				No	Kollekciók > Sandy Bloom				Cipők	Sandy Bloom				New	No			Bézs					BE-SO-0000043-39	
LEO-SO-0000044-40	Lia leopárd mintás papucs	Nagyon csini leopárd mintás papucs strasszköves masnival. Viseld leopárd mintás felsővel és fekete nadrággal, vagy fekete overállal és leopárd mintás táskával. 	https://www.horandrashop.hu/lia-leopard-mintas-papucs-848?utm_source=google_shopping&utm_medium=cpp&utm_campaign=direct_link	https://www.horandrashop.hu/custom/horandrashop/image/cache/w800h1200m00q100/product/20250712_105635.webp	https://www.horandrashop.hu/custom/horandrashop/image/cache/w800h1200m00q100/product/20250712_105710.webp	in_stock	8990 HUF		6320 HUF				No	Kollekciók > Urban Jungle				Cipők	Urban Jungle				New	No			Leopárd					LEO-SO-0000044-40	
BLA-SO-0000045-37	Lua gyöngyös papucs	Imádjuk a gyöngyöket, és hogy ez a papucs minden ruhához megy, de tényleg! KÉnyelmes és extra csinos!	https://www.horandrashop.hu/lua-gyongyos-papucs-851?utm_source=google_shopping&utm_medium=cpp&utm_campaign=direct_link	https://www.horandrashop.hu/custom/horandrashop/image/cache/w800h1200m00q100/product/20250712_110323.webp	https://www.horandrashop.hu/custom/horandrashop/image/cache/w800h1200m00q100/product/20250712_110442.webp	in_stock	5990 HUF		3540 HUF				No	Kollekciók > Midnight Touch				Cipők	Midnight Touch				New	No			Fekete					BLA-SO-0000045-37	
BLA-SO-0000045-39	Lua gyöngyös papucs	Imádjuk a gyöngyöket, és hogy ez a papucs minden ruhához megy, de tényleg!	https://www.horandrashop.hu/lua-gyongyos-papucs-854?utm_source=google_shopping&utm_medium=cpp&utm_campaign=direct_link	https://www.horandrashop.hu/custom/horandrashop/image/cache/w800h1200m00q100/product/20250712_110323.webp	https://www.horandrashop.hu/custom/horandrashop/image/cache/w800h1200m00q100/product/20250712_110442.webp	in_stock	5990 HUF		3540 HUF				No	Kollekciók > Midnight Touch				Cipők	Midnight Touch				New	No			Fekete					BLA-SO-0000045-37	
WHI-SO-0000046-38	Bra fehér papucs	Ez a papucs az egyszerű, de nagyszerű kategória, nagyon kényelmes és sokféle ruhához megy, viseld fehér táskával vagy kék, fukszia, narancssárga ruhával és kész is a nyári outfit. 	https://www.horandrashop.hu/bra-feher-papucs-857?utm_source=google_shopping&utm_medium=cpp&utm_campaign=direct_link	https://www.horandrashop.hu/custom/horandrashop/image/cache/w800h1200m00q100/product/20250712_105140.webp	https://www.horandrashop.hu/custom/horandrashop/image/cache/w800h1200m00q100/product/20250712_105305.webp	in_stock	5990 HUF		2990 HUF				No	Kollekciók > White Moonlight				Cipők	White Moonlight				New	No			Fehér					WHI-SO-0000046-38	
GRE-SO-0000047-38	Gara zöld papucs	Zöld lapos talpú papucs gyönyörű arany díszítéssel. Kényelmes, egész nap viselhető papucs, mely bármely szettet feldob. Imádjuk a színét!	https://www.horandrashop.hu/gara-zold-papucs-860?utm_source=google_shopping&utm_medium=cpp&utm_campaign=direct_link	https://www.horandrashop.hu/custom/horandrashop/image/cache/w800h1200m00q100/product/20250712_110026.webp	https://www.horandrashop.hu/custom/horandrashop/image/cache/w800h1200m00q100/product/20250712_110055.webp	in_stock	6990 HUF		4900 HUF				No	Kollekciók > Forest Kiss				Forest Kiss	Cipők				New	No			Zöld					GRE-SO-0000047-38	
BLABE-SO-0000048-38	Ferra fekete-bézs papucs	Gyönyörű ez a papucs, minden gardrób alapdarabja, és külön pozitívum, hogy fekete és bézs szettekhez is kitűnően megy. 	https://www.horandrashop.hu/ferra-fekete-bezs-papucs-863?utm_source=google_shopping&utm_medium=cpp&utm_campaign=direct_link	https://www.horandrashop.hu/custom/horandrashop/image/cache/w800h1200m00q100/product/20250712_110610.webp	https://www.horandrashop.hu/custom/horandrashop/image/cache/w800h1200m00q100/product/20250712_110627.webp	in_stock	7990 HUF	7300 HUF	5200 HUF				No	Kollekciók > Sandy Bloom				Cipők	Sandy Bloom	Midnight Touch			New	No			Bézs					BLABE-SO-0000048-38	
BLABE-SO-0000048-40	Ferra fekete-bézs papucs	Gyönyörű ez a papucs, minden gardrób alapdarabja, és külön pozitívum, hogy fekete és bézs szettekhez is kitűnően megy. 	https://www.horandrashop.hu/ferra-fekete-bezs-papucs-866?utm_source=google_shopping&utm_medium=cpp&utm_campaign=direct_link	https://www.horandrashop.hu/custom/horandrashop/image/cache/w800h1200m00q100/product/20250712_110610.webp	https://www.horandrashop.hu/custom/horandrashop/image/cache/w800h1200m00q100/product/20250712_110627.webp	in_stock	7990 HUF	7300 HUF	5200 HUF				No	Kollekciók > Sandy Bloom				Cipők	Sandy Bloom	Midnight Touch			New	No			Bézs					BLABE-SO-0000048-38	
PINFUKSZ-PT-0000050-SM	Fiora fukszia nadrág	Nagyon csinos és kényelmes palazzo nadrág, mely élénk, vibráló színével kiemel a tömegből. Nagyon praktikus, hogy van 2 zsebe is. Szuper anyag. Rajtam a képen az SM van. 	https://www.horandrashop.hu/fiora-fukszia-nadrag-872?utm_source=google_shopping&utm_medium=cpp&utm_campaign=direct_link	https://www.horandrashop.hu/custom/horandrashop/image/cache/w800h1200m00q100/product/20250717_111328.webp	https://www.horandrashop.hu/custom/horandrashop/image/cache/w800h1200m00q100/product/20250717_111358.webp,https://www.horandrashop.hu/custom/horandrashop/image/cache/w800h1200m00q100/product/20250717_111540.webp	in_stock	6990 HUF		2794 HUF				No	Ruházat > Nadrágok				Nadrágok	Sweet Rose				New	No			Rózsaszín			S/M		PINFUKSZ-PT-0000050-SM	
PINFUKSZ-PT-0000050-ML	Fiora fukszia nadrág	Nagyon csinos és kényelmes palazzo nadrág, mely élénk, vibráló színével kiemel a tömegből. Megkötővel szabályozható. 	https://www.horandrashop.hu/fiora-fukszia-nadrag-875?utm_source=google_shopping&utm_medium=cpp&utm_campaign=direct_link	https://www.horandrashop.hu/custom/horandrashop/image/cache/w800h1200m00q100/product/20250717_111328.webp	https://www.horandrashop.hu/custom/horandrashop/image/cache/w800h1200m00q100/product/20250717_111358.webp,https://www.horandrashop.hu/custom/horandrashop/image/cache/w800h1200m00q100/product/20250717_111540.webp	in_stock	6990 HUF		2794 HUF				No	Ruházat > Nadrágok				Nadrágok	Sweet Rose				New	No			Rózsaszín			M/L		PINFUKSZ-PT-0000050-SM	
BLA-0000051-SM	Dora fekete felső	Gyönyörű csipkebetétes fekete felső, amely egyaránt jól mutat farmerrel egy lazább hétköznapra és csinos nadrággal vagy szoknyával is ünnepi alkalmakra is!	https://www.horandrashop.hu/dora-fekete-felso-878?utm_source=google_shopping&utm_medium=cpp&utm_campaign=direct_link	https://www.horandrashop.hu/custom/horandrashop/image/cache/w800h1200m00q100/product/20250717_110419.webp	https://www.horandrashop.hu/custom/horandrashop/image/cache/w800h1200m00q100/product/20250717_110438.webp,https://www.horandrashop.hu/custom/horandrashop/image/cache/w800h1200m00q100/product/20250717_110625.webp,https://www.horandrashop.hu/custom/horandrashop/image/cache/w800h1200m00q100/product/20250722_111414.webp,https://www.horandrashop.hu/custom/horandrashop/image/cache/w800h1200m00q100/product/20250722_111609.webp	in_stock	6990 HUF		3048 HUF				No	Ruházat > Felsők, kardigánok				Felsők, kardigánok	Midnight Touch				New	No			Fekete			S/M		BLA-0000051-SM	
RED-TP-0000052-SM	Dora piros felső	Szuper csinos piros csipkés felső. Kombináld farmerral vagy csinos nadrággal, szoknyával. Gyönyörű a díszítése és a nyakánál egy kis gomb teszi még különlegesebbé a megjelenést. 	https://www.horandrashop.hu/dora-piros-felso-881?utm_source=google_shopping&utm_medium=cpp&utm_campaign=direct_link	https://www.horandrashop.hu/custom/horandrashop/image/cache/w800h1200m00q100/product/20250717_123229.webp	https://www.horandrashop.hu/custom/horandrashop/image/cache/w800h1200m00q100/product/20250717_123005.webp	in_stock	6990 HUF		3048 HUF				No	Kollekciók > Red Velvet				Felsők, kardigánok	Red Velvet				New	No			Piros			S/M		RED-TP-0000052-SM	
TAR-DR-0000053-M	Barka ruha	Gyönyörű kis nyári ruha, nagyon kényelmes, lágy esésű anyagból, ráadásul magyar készítésű!	https://www.horandrashop.hu/barka-ruha-884?utm_source=google_shopping&utm_medium=cpp&utm_campaign=direct_link	https://www.horandrashop.hu/custom/horandrashop/image/cache/w800h1200m00q100/product/20250717_115943.webp	https://www.horandrashop.hu/custom/horandrashop/image/cache/w800h1200m00q100/product/20250717_115842.webp,https://www.horandrashop.hu/custom/horandrashop/image/cache/w800h1200m00q100/product/20250717_120032.webp	in_stock	11990 HUF		8636 HUF				No	Ruházat > Ruhák				Blue Moon	Ruhák	Sweet Rose			New	No			Tarka			M		TAR-DR-0000053-M	
TAR-DR-0000054-M	Bria ruha	Ez a minta és anyag, imádjuk. Amellett, hogy gyönyörű, még nagyon kényelmes is, sőt, magyar ruha!	https://www.horandrashop.hu/bria-ruha-887?utm_source=google_shopping&utm_medium=cpp&utm_campaign=direct_link	https://www.horandrashop.hu/custom/horandrashop/image/cache/w800h1200m00q100/product/20250717_120320.webp	https://www.horandrashop.hu/custom/horandrashop/image/cache/w800h1200m00q100/product/20250717_120342.webp,https://www.horandrashop.hu/custom/horandrashop/image/cache/w800h1200m00q100/product/20250717_120418.webp	in_stock	11990 HUF		8255 HUF				No	Ruházat > Ruhák				Blue Moon	Ruhák				New	No			Tarka			M		TAR-DR-0000054-M	
PUR-TP-0000055-SM	Luna lila felső	Gyönyörű szín, cuki fodrok és sikkes megjelenés, ez a Luna felső. 	https://www.horandrashop.hu/luna-lila-felso-890?utm_source=google_shopping&utm_medium=cpp&utm_campaign=direct_link	https://www.horandrashop.hu/custom/horandrashop/image/cache/w800h1200m00q100/product/20250717_124052.webp	https://www.horandrashop.hu/custom/horandrashop/image/cache/w800h1200m00q100/product/20250717_124111.webp,https://www.horandrashop.hu/custom/horandrashop/image/cache/w800h1200m00q100/product/20250717_124157.webp,https://www.horandrashop.hu/custom/horandrashop/image/cache/w800h1200m00q100/product/20250717_124226.webp	in_stock	5990 HUF		2667 HUF				No	Kollekciók > Purple Veil				Felsők, kardigánok	Purple Veil				New	No			Lila			S/M		PUR-TP-0000055-SM	
RED-DR-0000056-SM	Moira hosszú ruha	Gyönyörű szín, gyönyörű minta, ez a Moira ruha. Lágy esésű, nagyon kényelmes és extra csinos, akár esküvőre is nagyszerű választás. 	https://www.horandrashop.hu/moira-hosszu-ruha-893?utm_source=google_shopping&utm_medium=cpp&utm_campaign=direct_link	https://www.horandrashop.hu/custom/horandrashop/image/cache/w800h1200m00q100/product/20250722_110430.webp	https://www.horandrashop.hu/custom/horandrashop/image/cache/w800h1200m00q100/product/20250722_110410.webp,https://www.horandrashop.hu/custom/horandrashop/image/cache/w800h1200m00q100/product/20250722_110650.webp	in_stock	8990 HUF		2921 HUF				No	Kollekciók > Red Velvet				Ruhák	Red Velvet				New	No			Piros			S/M		RED-DR-0000056-SM	
LEO-TP-0000057-OSI	Lexa leopárd mintás felső	Nagyon csinos leopárdmintás felső. Viseld fekete nadrággal vagy szoknyával és leopárdmintás cipővel vagy papuccsal. Garantáltan lenyűgöző megjelenést ad! Ami szuper extra még benne, hogy belevarrt szivaccsal rendelkezik, így nem kell alá melltartót venned! Olasz felső.	https://www.horandrashop.hu/lexa-leoparmintas-felso-896?utm_source=google_shopping&utm_medium=cpp&utm_campaign=direct_link	https://www.horandrashop.hu/custom/horandrashop/image/cache/w800h1200m00q100/product/20250717_124519.webp	https://www.horandrashop.hu/custom/horandrashop/image/cache/w800h1200m00q100/product/20250717_124526.webp,https://www.horandrashop.hu/custom/horandrashop/image/cache/w800h1200m00q100/product/20250717_124544.webp,https://www.horandrashop.hu/custom/horandrashop/image/cache/w800h1200m00q100/product/20250717_124849.webp	in_stock	5990 HUF		2921 HUF				No	Ruházat > Felsők, kardigánok				Felsők, kardigánok	Urban Jungle				New	No			Leopárd			One size		LEO-TP-0000057-OSI	
BLA-TP-0000058-SM	Miona fekete body felső	Fekete hosszú ujjú body , az ujjain gyönyörű díszítéssel. Nagyon kényelmes, le se akartam venni és a body rész miatt nagyon jól illeszkedik, nem gyűrődik, szépen be lehet tűrni a nadrágba.	https://www.horandrashop.hu/miona-fekete-felso-899?utm_source=google_shopping&utm_medium=cpp&utm_campaign=direct_link	https://www.horandrashop.hu/custom/horandrashop/image/cache/w800h1200m00q100/product/20250717_130237.webp	https://www.horandrashop.hu/custom/horandrashop/image/cache/w800h1200m00q100/product/20250717_130340.webp,https://www.horandrashop.hu/custom/horandrashop/image/cache/w800h1200m00q100/product/20250717_130435.webp	in_stock	7990 HUF		3556 HUF				No	Ruházat > Felsők, kardigánok				Felsők, kardigánok	Midnight Touch				New	No			Fekete			S/M		BLA-TP-0000058-SM	
WHI-TP-0000059-SM	Raya fehér felső	Szuper elegáns felső gyönyörű madeira díszítéssel. Az alja gumis, így nagyszerűen illeszkedik. Hátul kötős. 	https://www.horandrashop.hu/raya-feher-felso-902?utm_source=google_shopping&utm_medium=cpp&utm_campaign=direct_link	https://www.horandrashop.hu/custom/horandrashop/image/cache/w800h1200m00q100/product/20250717_111328.webp	https://www.horandrashop.hu/custom/horandrashop/image/cache/w800h1200m00q100/product/20250717_111354.webp,https://www.horandrashop.hu/custom/horandrashop/image/cache/w800h1200m00q100/product/20250717_111520.webp	in_stock	6990 HUF		2413 HUF				No	Ruházat > Felsők, kardigánok				Felsők, kardigánok	White Moonlight				New	No			Fehér			S/M		WHI-TP-0000059-SM	
PUR-TP-0000060-SM	Raya lila felső	Gyönyörű színű madeira felső, mely maga a nyár.  Alul gumis, így nagyszerűen illeszkedik, de ha szeretnéd, be is tűrheted. 	https://www.horandrashop.hu/raya-lila-felso-905?utm_source=google_shopping&utm_medium=cpp&utm_campaign=direct_link	https://www.horandrashop.hu/custom/horandrashop/image/cache/w800h1200m00q100/product/20250717_122219.webp	https://www.horandrashop.hu/custom/horandrashop/image/cache/w800h1200m00q100/product/20250717_122149.webp,https://www.horandrashop.hu/custom/horandrashop/image/cache/w800h1200m00q100/product/20250717_122318.webp,https://www.horandrashop.hu/custom/horandrashop/image/cache/w800h1200m00q100/product/20250717_122536.webp	in_stock	6990 HUF		2413 HUF				No	Kollekciók > Purple Veil				Felsők, kardigánok	Purple Veil				New	No			Lila			S/M		PUR-TP-0000060-SM	
TAR-DR-0000061-OSI	Kria ruha	Igazi alapdarab ez a sötétkék-fehér kis ruha, mely nemcsak kényelmes, de extra csinos is! Szuper anyagú olasz ruha. S-L méretre ajánlom!	https://www.horandrashop.hu/kria-ruha-908?utm_source=google_shopping&utm_medium=cpp&utm_campaign=direct_link	https://www.horandrashop.hu/custom/horandrashop/image/cache/w800h1200m00q100/product/20250717_112257.webp	https://www.horandrashop.hu/custom/horandrashop/image/cache/w800h1200m00q100/product/20250717_112256.webp,https://www.horandrashop.hu/custom/horandrashop/image/cache/w800h1200m00q100/product/20250717_112351.webp,https://www.horandrashop.hu/custom/horandrashop/image/cache/w800h1200m00q100/product/20250717_112424.webp,https://www.horandrashop.hu/custom/horandrashop/image/cache/w800h1200m00q100/product/20250717_112556.webp	in_stock	7990 HUF		3810 HUF				No	Ruházat > Ruhák				Blue Moon	Ruhák				New	No			Tarka			One size		TAR-DR-0000061-OSI	
BLU-DR-0000064-SM	Cara ruha	Szuper csinos sötétkék ruha tarka szoknyával. Kényelmes és extra sikkes. A szoknyarész anyagából készült öv is jár hozzá. Az ujján fodros díszítésű. A szoknyarész különlegessége, hogy két oldalt egy kicsit rövidebb, így nagyon csinos esése van. 	https://www.horandrashop.hu/cara-ruha-914?utm_source=google_shopping&utm_medium=cpp&utm_campaign=direct_link	https://www.horandrashop.hu/custom/horandrashop/image/cache/w800h1200m00q100/product/20250717_121015.webp	https://www.horandrashop.hu/custom/horandrashop/image/cache/w800h1200m00q100/product/20250717_121045.webp,https://www.horandrashop.hu/custom/horandrashop/image/cache/w800h1200m00q100/product/20250717_121107.webp	in_stock	7990 HUF		3429 HUF				No	Ruházat > Ruhák				Blue Moon	Ruhák				New	No			Kék			S/M		BLU-DR-0000064-SM	
RED-DR-0000063-OSI	Syra piros ruha	Kényelmes, csinos nyári ruha. Nagyon lenge anyagú olasz ruha. 	https://www.horandrashop.hu/syra-piros-ruha-917?utm_source=google_shopping&utm_medium=cpp&utm_campaign=direct_link	https://www.horandrashop.hu/custom/horandrashop/image/cache/w800h1200m00q100/product/20250717_113525.webp	https://www.horandrashop.hu/custom/horandrashop/image/cache/w800h1200m00q100/product/20250717_113512.webp,https://www.horandrashop.hu/custom/horandrashop/image/cache/w800h1200m00q100/product/20250717_113544.webp,https://www.horandrashop.hu/custom/horandrashop/image/cache/w800h1200m00q100/product/20250717_113719.webp	in_stock	7990 HUF		3810 HUF				No	Kollekciók > Red Velvet				Ruhák	Red Velvet				New	No			Piros			One size		RED-DR-0000063-OSI	
BLA-DR-0000063-OSI	Syra sötétkék ruha	Nagyon csini ruha az extra mintájának köszönhetően és szuper kényelmes is! Olasz ruha. Viselheted lazábban és övvel is. Egyméretes, S-L-es méretre ajánlom!	https://www.horandrashop.hu/syra-fekete-ruha-920?utm_source=google_shopping&utm_medium=cpp&utm_campaign=direct_link	https://www.horandrashop.hu/custom/horandrashop/image/cache/w800h1200m00q100/product/20250717_112923.webp	https://www.horandrashop.hu/custom/horandrashop/image/cache/w800h1200m00q100/product/20250717_112918.webp,https://www.horandrashop.hu/custom/horandrashop/image/cache/w800h1200m00q100/product/20250717_113022.webp,https://www.horandrashop.hu/custom/horandrashop/image/cache/w800h1200m00q100/product/20250717_113129.webp	in_stock	7990 HUF		3810 HUF				No	Ruházat > Ruhák				Blue Moon	Ruhák				New	No			Kék			One size		BLA-DR-0000063-OSI	
BLA-DR-0000064-OSI	Mera fekete ruha	Alak kiemelő nagyon extra fekete-fehér ruha. Nyúlik az anyag, én S-M méretre ajánlom. Olasz ruha. 	https://www.horandrashop.hu/mera-fekete-ruha-923?utm_source=google_shopping&utm_medium=cpp&utm_campaign=direct_link	https://www.horandrashop.hu/custom/horandrashop/image/cache/w800h1200m00q100/product/20250717_115104.webp	https://www.horandrashop.hu/custom/horandrashop/image/cache/w800h1200m00q100/product/20250717_115054.webp	in_stock	7990 HUF		3048 HUF				No	Ruházat > Ruhák				Ruhák	Midnight Touch				New	No			Fekete			One size		BLA-DR-0000064-OSI	
BLU-OV-0000066-OSI	Jova kék overál	Ez az overál egy csoda. Gyönyörű szín és szabás jellemzi, ráadásul nagyon kényelmes is! Belevarrt szivaccsal rendelkezik így melltartó sem kell alá! A hozzá tartozó vele egy színű öv levehető, így más ruhához is tudjátok használni! S-L méretig ajánlom!	https://www.horandrashop.hu/jova-kek-overal-929?utm_source=google_shopping&utm_medium=cpp&utm_campaign=direct_link	https://www.horandrashop.hu/custom/horandrashop/image/cache/w800h1200m00q100/product/20250717_105014.webp	https://www.horandrashop.hu/custom/horandrashop/image/cache/w800h1200m00q100/product/20250717_105041.webp,https://www.horandrashop.hu/custom/horandrashop/image/cache/w800h1200m00q100/product/20250717_105233.webp,https://www.horandrashop.hu/custom/horandrashop/image/cache/w800h1200m00q100/product/20250717_105305.webp,https://www.horandrashop.hu/custom/horandrashop/image/cache/w800h1200m00q100/product/20250717_105714.webp	in_stock	10990 HUF		6223 HUF				No	Ruházat > Overálok, szettek				Blue Moon	Overálok, szettek				New	No			Kék			One size		BLU-OV-0000066-OSI	
BLA-PT-0000067-M	Joy fekete nadrág	Joy nadrágunkba az a szuper, hogy szinte mindenhez megy, mégis a szabás miatt nagyon extra hatást kelt. Oldalt cipzár segíti a fel-és levételt és a derékrészénél van egy 3 lyukas kis öv, és mi döntjük el, hogy melyik résbe fűzzük be. Én a képen az M-es méretet viselem. 	https://www.horandrashop.hu/joy-fekete-nadrag-932?utm_source=google_shopping&utm_medium=cpp&utm_campaign=direct_link	https://www.horandrashop.hu/custom/horandrashop/image/cache/w800h1200m00q100/product/20250717_123609.webp	https://www.horandrashop.hu/custom/horandrashop/image/cache/w800h1200m00q100/product/20250717_122219.webp,https://www.horandrashop.hu/custom/horandrashop/image/cache/w800h1200m00q100/product/20250717_124758.webp	in_stock	7990 HUF		3556 HUF				No	Ruházat > Nadrágok				Nadrágok	Midnight Touch				New	No			Fekete			M		BLA-PT-0000067-M	
BLA-PT-0000067-L	Joy fekete nadrág	Joy szoknyanadrágunkba az a szuper, hogy szinte mindenhez megy, mégis a szabás miatt nagyon extra hatást kelt. Elöl szoknya hatású, hátul nadrág. Oldalt egy cipzár segíti a fel-és levételt. Ami még nagyon szuper benne, hogy van egy 3 lyukból álló övszerű része a deréknál és Te döntheted el, hogy melyikbe fűzöd bele. 	https://www.horandrashop.hu/joy-fekete-nadrag-935?utm_source=google_shopping&utm_medium=cpp&utm_campaign=direct_link	https://www.horandrashop.hu/custom/horandrashop/image/cache/w800h1200m00q100/product/20250717_123609.webp	https://www.horandrashop.hu/custom/horandrashop/image/cache/w800h1200m00q100/product/20250717_122219.webp,https://www.horandrashop.hu/custom/horandrashop/image/cache/w800h1200m00q100/product/20250717_124758.webp	in_stock	7990 HUF		3556 HUF				No	Ruházat > Nadrágok				Nadrágok	Midnight Touch				New	No			Fekete			L		BLA-PT-0000067-M	
TAR-DR-0000068-SM	Fynna hosszú ruha	Lenge nyári ruha, mely nagyszerű választás lehet esküvőkre, diplomaosztóra is, de akár a tengerpartra vagy egyszerűen egy meleg nyári napra.	https://www.horandrashop.hu/fynna-hosszu-ruha-938?utm_source=google_shopping&utm_medium=cpp&utm_campaign=direct_link	https://www.horandrashop.hu/custom/horandrashop/image/cache/w800h1200m00q100/product/20250722_105412.webp	https://www.horandrashop.hu/custom/horandrashop/image/cache/w800h1200m00q100/product/20250722_105445.webp,https://www.horandrashop.hu/custom/horandrashop/image/cache/w800h1200m00q100/product/20250722_105607.webp	in_stock	8990 HUF		2921 HUF				No	Ruházat > Ruhák				Blue Moon	Ruhák				New	No			Tarka			S/M		TAR-DR-0000068-SM	
BLA-ACC-0000069-35/40	Ana csipkés titokzokni	Nagyon csinos csipkés titokzokni. 	https://www.horandrashop.hu/ana-csipkes-titokzokni-941?utm_source=google_shopping&utm_medium=cpp&utm_campaign=direct_link	https://www.horandrashop.hu/custom/horandrashop/image/cache/w800h1200m00q100/product/20250717_131252.webp		in_stock	1000 HUF		500 HUF				No	Kollekciók > Midnight Touch				Cipők	Kiegészítők	Midnight Touch			New	No			Fekete			One size		BLA-ACC-0000069-35/40	
YEL-TP-0000071-OSI	 Lina  sárga kötött pulóver	Gyönyörű , egyméretes kötött pulóver! Nagyon kényelmes és csinos. 	https://www.horandrashop.hu/lina-sarga-kotott-pulover-947?utm_source=google_shopping&utm_medium=cpp&utm_campaign=direct_link	https://www.horandrashop.hu/custom/horandrashop/image/cache/w800h1200m00q100/product/20250826_143710.webp	https://www.horandrashop.hu/custom/horandrashop/image/cache/w800h1200m00q100/product/20250826_143735.webp,https://www.horandrashop.hu/custom/horandrashop/image/cache/w800h1200m00q100/product/20250826_143758.webp,https://www.horandrashop.hu/custom/horandrashop/image/cache/w800h1200m00q100/product/20250826_143744.webp	in_stock	10200 HUF		6223 HUF				No	Kollekciók > Citrus Breeze				Felsők, kardigánok	Ruházat	Citrus Breeze			New	No			Sárga			One size		YEL-TP-0000071-OSI	
TAR-TP-0000072-M	Flo virágos szabadidőfelső	Csodaszép, kapucnis szabadidő felső, mely MAGYAR termék. Szuper kényelmes, az anyaga maga a csoda. 	https://www.horandrashop.hu/flo-viragos-szabadidofelso-950?utm_source=google_shopping&utm_medium=cpp&utm_campaign=direct_link	https://www.horandrashop.hu/custom/horandrashop/image/cache/w800h1200m00q100/product/20250826_142351.webp	https://www.horandrashop.hu/custom/horandrashop/image/cache/w800h1200m00q100/product/20250826_142505.webp,https://www.horandrashop.hu/custom/horandrashop/image/cache/w800h1200m00q100/product/20250826_142524.webp,https://www.horandrashop.hu/custom/horandrashop/image/cache/w800h1200m00q100/product/20250826_142548.webp,https://www.horandrashop.hu/custom/horandrashop/image/cache/w800h1200m00q100/product/20250826_142559.webp	in_stock	12900 HUF		9334 HUF				No	Ruházat > Felsők, kardigánok				Blue Moon	Felsők, kardigánok				New	No			Tarka			M		TAR-TP-0000072-M	
BE-JK-0000074-36	Gola arany-bézs színű műbőr kabát	Nagyon extra és egyedi arany-bézs színű műbőr dzseki, 2 zsebbel.	https://www.horandrashop.hu/gola-arany-szinu-borkabat-956?utm_source=google_shopping&utm_medium=cpp&utm_campaign=direct_link	https://www.horandrashop.hu/custom/horandrashop/image/cache/w800h1200m00q100/product/20250826_141037.webp	https://www.horandrashop.hu/custom/horandrashop/image/cache/w800h1200m00q100/product/20250826_141109.webp,https://www.horandrashop.hu/custom/horandrashop/image/cache/w800h1200m00q100/product/20250826_141126.webp,https://www.horandrashop.hu/custom/horandrashop/image/cache/w800h1200m00q100/product/20250826_155451.webp	in_stock	15600 HUF		10604 HUF				No	Kollekciók > Sandy Bloom				Kabátok, mellények	Sandy Bloom				New	No			Bézs			36		BE-JK-0000074-36	
BE-SK-0000075-38	Borka arany-bézs műbőr szoknya	Nagyon szép színű és anyagú műbőr szoknya, a hátulján cipzár segíti a fel-és levételt. 	https://www.horandrashop.hu/borka-arany-bezs-bor-szoknya-959?utm_source=google_shopping&utm_medium=cpp&utm_campaign=direct_link	https://www.horandrashop.hu/custom/horandrashop/image/cache/w800h1200m00q100/product/20250826_150945.webp	https://www.horandrashop.hu/custom/horandrashop/image/cache/w800h1200m00q100/product/20250826_151042.webp,https://www.horandrashop.hu/custom/horandrashop/image/cache/w800h1200m00q100/product/20250826_151739.webp,https://www.horandrashop.hu/custom/horandrashop/image/cache/w800h1200m00q100/product/20250826_151844.webp,https://www.horandrashop.hu/custom/horandrashop/image/cache/w800h1200m00q100/product/20250826_152132.webp,https://www.horandrashop.hu/custom/horandrashop/image/cache/w800h1200m00q100/product/20250826_152141.webp,https://www.horandrashop.hu/custom/horandrashop/image/cache/w800h1200m00q100/product/20250826_151129.webp	in_stock	9900 HUF		4953 HUF				No	Ruházat > Szoknyák				Szoknyák	Sandy Bloom				New	No			Bézs			38		BE-SK-0000075-38	
BLU-PT-0000079-L	Mara kék nadrág	Nagyon kényelmes és csinos kék nadrág selyem megkötővel és 2 zsebbel.  Magyar termék. A legjobb benne, hogy hordhatod sportosan edzőcipővel, de csinosan, magas sarkú cipővel is. 	https://www.horandrashop.hu/mara-kek-nadrag-971?utm_source=google_shopping&utm_medium=cpp&utm_campaign=direct_link	https://www.horandrashop.hu/custom/horandrashop/image/cache/w800h1200m00q100/product/20250826_154458.webp	https://www.horandrashop.hu/custom/horandrashop/image/cache/w800h1200m00q100/product/20250826_154542.webp,https://www.horandrashop.hu/custom/horandrashop/image/cache/w800h1200m00q100/product/20250826_154643.webp	in_stock	10500 HUF		6604 HUF				No	Ruházat > Nadrágok				Blue Moon	Nadrágok				New	No			Kék			L		BLU-PT-0000079-L	
TAR-TP-0000081-M	Manna színes felső	Nagyon csinos élénk színű felső, amire egyszerűen jó ránézni. Alul gumis, így szuperül illeszkedik. Magyar termék. 	https://www.horandrashop.hu/manna-szines-felso-977?utm_source=google_shopping&utm_medium=cpp&utm_campaign=direct_link	https://www.horandrashop.hu/custom/horandrashop/image/cache/w800h1200m00q100/product/20250826_134504.webp	https://www.horandrashop.hu/custom/horandrashop/image/cache/w800h1200m00q100/product/20250826_134614.webp,https://www.horandrashop.hu/custom/horandrashop/image/cache/w800h1200m00q100/product/20250826_134638.webp,https://www.horandrashop.hu/custom/horandrashop/image/cache/w800h1200m00q100/product/20250826_134709.webp	in_stock	8500 HUF		4318 HUF				No	Ruházat > Felsők, kardigánok				Blue Moon	Felsők, kardigánok				New	No			Tarka			M		TAR-TP-0000081-M	
RED-TP-0000082-M	Noa piros felső	Szuper extra felső, amelyet egyedi csíkozása tesz feltűnővé. Magyar termék. 	https://www.horandrashop.hu/noa-piros-felso-980?utm_source=google_shopping&utm_medium=cpp&utm_campaign=direct_link	https://www.horandrashop.hu/custom/horandrashop/image/cache/w800h1200m00q100/product/20250826_134110.webp	https://www.horandrashop.hu/custom/horandrashop/image/cache/w800h1200m00q100/product/20250826_134148.webp,https://www.horandrashop.hu/custom/horandrashop/image/cache/w800h1200m00q100/product/20250826_134211.webp	in_stock	8500 HUF		4318 HUF				No	Kollekciók > Red Velvet				Felsők, kardigánok	Red Velvet				New	No			Piros			M		RED-TP-0000082-M	
WHI-TP-0000084-S	Gia fehér blúz	Fehér-fekete blúzunk tökéletes, ha szeretnél egy különlegesebb felsőt. Magyar termék. Remek alternatívája lehet a klasszikus fehér blúzoknak is. 	https://www.horandrashop.hu/gia-feher-bluz-986?utm_source=google_shopping&utm_medium=cpp&utm_campaign=direct_link	https://www.horandrashop.hu/custom/horandrashop/image/cache/w800h1200m00q100/product/20250826_140534.webp	https://www.horandrashop.hu/custom/horandrashop/image/cache/w800h1200m00q100/product/20250826_140746.webp,https://www.horandrashop.hu/custom/horandrashop/image/cache/w800h1200m00q100/product/20250826_140712.webp,https://www.horandrashop.hu/custom/horandrashop/image/cache/w800h1200m00q100/product/20250826_140649.webp,https://www.horandrashop.hu/custom/horandrashop/image/cache/w800h1200m00q100/product/20250826_140808.webp	in_stock	12500 HUF		7366 HUF				No	Ruházat > Felsők, kardigánok				Felsők, kardigánok	White Moonlight				New	No			Fehér			S		WHI-TP-0000084-S	
PIN-JK-0000085-40	Julia rózsaszín bolero 	Szép szín, csinos szabás, ez a Julia bolero. Magyar termék. Beleírt méret: 40, de S-M méretre ajánlom!	https://www.horandrashop.hu/julia-rozsaszin-bolero-989?utm_source=google_shopping&utm_medium=cpp&utm_campaign=direct_link	https://www.horandrashop.hu/custom/horandrashop/image/cache/w800h1200m00q100/product/20250826_135816.webp	https://www.horandrashop.hu/custom/horandrashop/image/cache/w800h1200m00q100/product/20250826_135901.webp,https://www.horandrashop.hu/custom/horandrashop/image/cache/w800h1200m00q100/product/20250826_135922.webp,https://www.horandrashop.hu/custom/horandrashop/image/cache/w800h1200m00q100/product/20250826_135943.webp	in_stock	7990 HUF		3797 HUF				No	Kollekciók > Sweet Rose				Kabátok, mellények	Sweet Rose				New	No			Rózsaszín			40		PIN-JK-0000085-40	
BLA-TP-0000087-M	Blanka fekete felső	A kis gallér és a különleges anyaghasználat nagyon egyedi megjelenést biztosít Blanka felsőnknek. Magyar termék. 	https://www.horandrashop.hu/blanka-fekete-felso-995?utm_source=google_shopping&utm_medium=cpp&utm_campaign=direct_link	https://www.horandrashop.hu/custom/horandrashop/image/cache/w800h1200m00q100/product/20250826_151739.webp	https://www.horandrashop.hu/custom/horandrashop/image/cache/w800h1200m00q100/product/20250826_151833.webp,https://www.horandrashop.hu/custom/horandrashop/image/cache/w800h1200m00q100/product/20250826_151856.webp,https://www.horandrashop.hu/custom/horandrashop/image/cache/w800h1200m00q100/product/20250826_151950.webp,https://www.horandrashop.hu/custom/horandrashop/image/cache/w800h1200m00q100/product/20250826_152339.webp	in_stock	9800 HUF		6223 HUF				No	Ruházat > Felsők, kardigánok				Felsők, kardigánok	Midnight Touch				New	No			Fekete			M		BLA-TP-0000087-M	
TAR-DR-0000089-M	Tara ruha	Szuper anyag, kényelem, extra szabás és csodaszép színek. Ez a Tara ruha. Magyar termék. 	https://www.horandrashop.hu/tara-ruha-1001?utm_source=google_shopping&utm_medium=cpp&utm_campaign=direct_link	https://www.horandrashop.hu/custom/horandrashop/image/cache/w800h1200m00q100/product/20250826_153019.webp	https://www.horandrashop.hu/custom/horandrashop/image/cache/w800h1200m00q100/product/20250826_153057.webp,https://www.horandrashop.hu/custom/horandrashop/image/cache/w800h1200m00q100/product/20250826_153120.webp,https://www.horandrashop.hu/custom/horandrashop/image/cache/w800h1200m00q100/product/20250826_153148.webp	in_stock	14990 HUF		8509 HUF				No	Kollekciók > Red Velvet				Ruhák	Red Velvet				New	No			Tarka			M		TAR-DR-0000089-M	
BRO-SK-0000090-OSI	Britta barna rakott szoknya	Az ősz színe a csoki barna lesz. Ez a szoknya bármely gardrób éke lehet. Egyméretes, és szuper sikkes. Ajándék öv jár hozzá. 	https://www.horandrashop.hu/britta-barna-rakott-szoknya-1004?utm_source=google_shopping&utm_medium=cpp&utm_campaign=direct_link	https://www.horandrashop.hu/custom/horandrashop/image/cache/w800h1200m00q100/product/20250826_152339.webp	https://www.horandrashop.hu/custom/horandrashop/image/cache/w800h1200m00q100/product/20250826_152457.webp,https://www.horandrashop.hu/custom/horandrashop/image/cache/w800h1200m00q100/product/20250826_152528.webp,https://www.horandrashop.hu/custom/horandrashop/image/cache/w800h1200m00q100/product/20250826_152544.webp,https://www.horandrashop.hu/custom/horandrashop/image/cache/w800h1200m00q100/product/20250826_152557.webp	in_stock	11700 HUF		6731 HUF				No	Kollekciók > Choco Dream				Szoknyák	Choco Dream				New	No			Barna			One size		BRO-SK-0000090-OSI	
BLUYEL-BG-14EXA	Tom & Eva Exa táska	Ez a táska első látásra szerelem! Csodaszép és izgalmas színek, szép forma. Két belső -és egy külső zsebbel. Tom & Eva márka, ami egy nagyon népszerű és kedvelt francia márka. A táska egyenesen Franciaországból érkezett hozzánk!	https://www.horandrashop.hu/tom-and-eva-exa-taska-1007?utm_source=google_shopping&utm_medium=cpp&utm_campaign=direct_link	https://www.horandrashop.hu/custom/horandrashop/image/cache/w800h1200m00q100/product/tom_n_eva-chic-bicolore-reassort-bleu-1.webp	https://www.horandrashop.hu/custom/horandrashop/image/cache/w800h1200m00q100/product/tom_n_eva-chic-bicolore-reassort-bleu-2.webp	in_stock	16500 HUF		10150 HUF				No	Kollekciók > Citrus Breeze				Blue Moon	Citrus Breeze	Táskák			New	No			Kék					BLUYEL-BG-14EXA	
BLA-BG-15BEE	Tom & Eva Bee táska	Szuper cuki méhecske díszes Bee táskánk azonnal elvarázsol! Elfér benne a telefonod, nagyszerű kis kiegészítő egy esti kiruccanásra, kirándulásra, és a dísz miatt pedig nagyon egyedi! A táska Tom & Eva márka, ami egy nagyon népszerű és kedvelt francia márka. A táska egyenesen Franciaországból érkezett hozzánk! 	https://www.horandrashop.hu/tom-and-eva-bee-taska-1010?utm_source=google_shopping&utm_medium=cpp&utm_campaign=direct_link	https://www.horandrashop.hu/custom/horandrashop/image/cache/w800h1200m00q100/product/tom_n_eva-pour-chaine-noir-2.webp	https://www.horandrashop.hu/custom/horandrashop/image/cache/w800h1200m00q100/product/tom_n_eva-pour-chaine-noir-1.webp	in_stock	8990 HUF		4565 HUF				No	Kollekciók > Midnight Touch				Táskák	Midnight Touch				New	No			Fekete					BLA-BG-15BEE	
PUR-BG-16KAIA	Tom & Eva lila Kaia táska	Elegancia és praktikum, ez a Kaia. Gyönyörű színe miatt minden szettnek megfelelő kiegészítője lehet ez a szuper táska. Három belső zsebe van. A táska Tom & Eva márka, ami egy nagyon népszerű és kedvelt francia márka. A táska egyenesen Franciaországból érkezett hozzánk! 	https://www.horandrashop.hu/tom-and-eva-lila-kaia-taska-1013?utm_source=google_shopping&utm_medium=cpp&utm_campaign=direct_link	https://www.horandrashop.hu/custom/horandrashop/image/cache/w800h1200m00q100/product/tom_n_eva-patchwork-femme-violet-2.webp	https://www.horandrashop.hu/custom/horandrashop/image/cache/w800h1200m00q100/product/tom_n_eva-patchwork-femme-violet-1.webp	in_stock	18500 HUF		10150 HUF				No	Kollekciók > Purple Veil				Táskák	Purple Veil				New	No			Lila					PUR-BG-16KAIA	
YEL-BG-18NADA	Tom & Eva Nada táska	Nada táskánk is nagyon különleges, elsősorban a formája miatt. Arany díszítése pedig nagyszerűen kiemeli csodálatos színét.  A táska Tom & Eva márka, ami egy nagyon népszerű és kedvelt francia márka. A táska egyenesen Franciaországból érkezett hozzánk!	https://www.horandrashop.hu/tom-and-eva-nada-taska-1019?utm_source=google_shopping&utm_medium=cpp&utm_campaign=direct_link	https://www.horandrashop.hu/custom/horandrashop/image/cache/w800h1200m00q100/product/tom_n_eva-matelasse-jaune-2.webp	https://www.horandrashop.hu/custom/horandrashop/image/cache/w800h1200m00q100/product/tom_n_eva-matelasse-jaune-1.webp	in_stock	9500 HUF		4565 HUF				No	Kollekciók > Citrus Breeze				Citrus Breeze	Táskák				New	No			Sárga					YEL-BG-18NADA	
RED-BG-20CILLA	Tom & Eva burgundi Cilla táska	Tudom, már sokszor mondtam, de ez a táska is szerelem első látásra. A kétféle anyag használat, és ráadásul burgundi színe (ami az ősz egyik slágere) miatt is olyan szuper ez a kis táska. A táska Tom & Eva márka, ami egy nagyon népszerű és kedvelt francia márka. A táska egyenesen Franciaországból érkezett hozzánk! 	https://www.horandrashop.hu/tom-and-eva-bordo-cilla-taska-1025?utm_source=google_shopping&utm_medium=cpp&utm_campaign=direct_link	https://www.horandrashop.hu/custom/horandrashop/image/cache/w800h1200m00q100/product/tom_n_eva-effet-paille-bordeaux-2.webp	https://www.horandrashop.hu/custom/horandrashop/image/cache/w800h1200m00q100/product/tom_n_eva-effet-paille-bordeaux-1.webp,https://www.horandrashop.hu/custom/horandrashop/image/cache/w800h1200m00q100/product/tom_n_eva-effet-paille-bordeaux-3.webp	in_stock	11600 HUF		6600 HUF				No	Kollekciók > Red Velvet				Táskák	Red Velvet				New	No			Piros					RED-BG-20CILLA	
YEL-BG-23YLA	Tom & Eva arany Yla táska	Szuper kis táska kirándulásra, vagy, ha nem szeretnél nagy táskát cipelni. A táskához tartozik egy kisebb erszényke is. A táska Tom & Eva márka, ami egy nagyon népszerű és kedvelt francia márka. A táska egyenesen Franciaországból érkezett hozzánk!	https://www.horandrashop.hu/tom-and-eva-arany-yla-taska-1034?utm_source=google_shopping&utm_medium=cpp&utm_campaign=direct_link	https://www.horandrashop.hu/custom/horandrashop/image/cache/w800h1200m00q100/product/tom_n_eva-pochette-bi-matiere-or-1.webp	https://www.horandrashop.hu/custom/horandrashop/image/cache/w800h1200m00q100/product/tom_n_eva-pochette-bi-matiere-or-2.webp,https://www.horandrashop.hu/custom/horandrashop/image/cache/w800h1200m00q100/product/tom_n_eva-pochette-bi-matiere-or-3.webp	in_stock	9990 HUF		4565 HUF				No	Kollekciók > Citrus Breeze				Citrus Breeze	Táskák				New	No			Sárga					YEL-BG-23YLA	
BRO-BG-26CINNA	Tom & Eva Cinna táska	Valamiért Cinna táskánkról egy tábla csoki jut az eszembe. Különleges minta, és szín, mely az őszi szezon egyik kedvence. Három belső zsebe van. A táska Tom & Eva márka, ami egy nagyon népszerű és kedvelt francia márka. A táska egyenesen Franciaországból érkezett hozzánk!	https://www.horandrashop.hu/tom-and-eva-cinna-taska-1043?utm_source=google_shopping&utm_medium=cpp&utm_campaign=direct_link	https://www.horandrashop.hu/custom/horandrashop/image/cache/w800h1200m00q100/product/tom_n_eva-geometrique-chocolat-2.webp	https://www.horandrashop.hu/custom/horandrashop/image/cache/w800h1200m00q100/product/tom_n_eva-geometrique-chocolat-1.webp,https://www.horandrashop.hu/custom/horandrashop/image/cache/w800h1200m00q100/product/tom_n_eva-geometrique-chocolat-3.webp,https://www.horandrashop.hu/custom/horandrashop/image/cache/w800h1200m00q100/product/tom_n_eva-geometrique-chocolat-4.webp	in_stock	10600 HUF		5580 HUF				No	Kollekciók > Choco Dream				Táskák	Choco Dream				New	No			Barna					BRO-BG-26CINNA	
